destination,origin,outbound_date,quote
BKKT-sky,HKGA-sky,2021-01-01,
BKKT-sky,HKGA-sky,2021-01-02,
BKKT-sky,HKGA-sky,2021-01-03,114
BKKT-sky,HKGA-sky,2021-01-04,
BKKT-sky,HKGA-sky,2021-01-05,
BKKT-sky,HKGA-sky,2021-01-06,135
BKKT-sky,HKGA-sky,2021-01-07,
BKKT-sky,HKGA-sky,2021-01-08,114
BKKT-sky,HKGA-sky,2021-01-09,
BKKT-sky,HKGA-sky,2021-01-10,102
BKKT-sky,HKGA-sky,2021-01-11,
BKKT-sky,HKGA-sky,2021-01-12,
BKKT-sky,HKGA-sky,2021-01-13,108
BKKT-sky,HKGA-sky,2021-01-14,
BKKT-sky,HKGA-sky,2021-01-15,120
BKKT-sky,HKGA-sky,2021-01-16,
BKKT-sky,HKGA-sky,2021-01-17,
BKKT-sky,HKGA-sky,2021-01-18,
BKKT-sky,HKGA-sky,2021-01-19,
BKKT-sky,HKGA-sky,2021-01-20,89
BKKT-sky,HKGA-sky,2021-01-21,
BKKT-sky,HKGA-sky,2021-01-22,
BKKT-sky,HKGA-sky,2021-01-23,
BKKT-sky,HKGA-sky,2021-01-24,
BKKT-sky,HKGA-sky,2021-01-25,
BKKT-sky,HKGA-sky,2021-01-26,
BKKT-sky,HKGA-sky,2021-01-27,
BKKT-sky,HKGA-sky,2021-01-28,
BKKT-sky,HKGA-sky,2021-01-29,91
BKKT-sky,HKGA-sky,2021-01-30,
BKKT-sky,HKGA-sky,2021-01-31,
LOND-sky,HKGA-sky,2021-01-01,532
LOND-sky,HKGA-sky,2021-01-02,578
LOND-sky,HKGA-sky,2021-01-03,526
LOND-sky,HKGA-sky,2021-01-04,346
LOND-sky,HKGA-sky,2021-01-05,283
LOND-sky,HKGA-sky,2021-01-06,386
LOND-sky,HKGA-sky,2021-01-07,283
LOND-sky,HKGA-sky,2021-01-08,346
LOND-sky,HKGA-sky,2021-01-09,437
LOND-sky,HKGA-sky,2021-01-10,437
LOND-sky,HKGA-sky,2021-01-11,309
LOND-sky,HKGA-sky,2021-01-12,309
LOND-sky,HKGA-sky,2021-01-13,309
LOND-sky,HKGA-sky,2021-01-14,309
LOND-sky,HKGA-sky,2021-01-15,300
LOND-sky,HKGA-sky,2021-01-16,335
LOND-sky,HKGA-sky,2021-01-17,300
LOND-sky,HKGA-sky,2021-01-18,309
LOND-sky,HKGA-sky,2021-01-19,309
LOND-sky,HKGA-sky,2021-01-20,309
LOND-sky,HKGA-sky,2021-01-21,310
LOND-sky,HKGA-sky,2021-01-22,298
LOND-sky,HKGA-sky,2021-01-23,335
LOND-sky,HKGA-sky,2021-01-24,299
LOND-sky,HKGA-sky,2021-01-25,309
LOND-sky,HKGA-sky,2021-01-26,309
LOND-sky,HKGA-sky,2021-01-27,355
LOND-sky,HKGA-sky,2021-01-28,438
LOND-sky,HKGA-sky,2021-01-29,298
LOND-sky,HKGA-sky,2021-01-30,384
LOND-sky,HKGA-sky,2021-01-31,299
SINS-sky,HKGA-sky,2021-01-01,191
SINS-sky,HKGA-sky,2021-01-02,169
SINS-sky,HKGA-sky,2021-01-03,159
SINS-sky,HKGA-sky,2021-01-04,149
SINS-sky,HKGA-sky,2021-01-05,158
SINS-sky,HKGA-sky,2021-01-06,158
SINS-sky,HKGA-sky,2021-01-07,149
SINS-sky,HKGA-sky,2021-01-08,149
SINS-sky,HKGA-sky,2021-01-09,158
SINS-sky,HKGA-sky,2021-01-10,149
SINS-sky,HKGA-sky,2021-01-11,158
SINS-sky,HKGA-sky,2021-01-12,149
SINS-sky,HKGA-sky,2021-01-13,149
SINS-sky,HKGA-sky,2021-01-14,158
SINS-sky,HKGA-sky,2021-01-15,
SINS-sky,HKGA-sky,2021-01-16,
SINS-sky,HKGA-sky,2021-01-17,162
SINS-sky,HKGA-sky,2021-01-18,
SINS-sky,HKGA-sky,2021-01-19,149
SINS-sky,HKGA-sky,2021-01-20,158
SINS-sky,HKGA-sky,2021-01-21,156
SINS-sky,HKGA-sky,2021-01-22,158
SINS-sky,HKGA-sky,2021-01-23,
SINS-sky,HKGA-sky,2021-01-24,158
SINS-sky,HKGA-sky,2021-01-25,149
SINS-sky,HKGA-sky,2021-01-26,156
SINS-sky,HKGA-sky,2021-01-27,176
SINS-sky,HKGA-sky,2021-01-28,
SINS-sky,HKGA-sky,2021-01-29,149
SINS-sky,HKGA-sky,2021-01-30,149
SINS-sky,HKGA-sky,2021-01-31,149
PARI-sky,HKGA-sky,2021-01-01,
PARI-sky,HKGA-sky,2021-01-02,539
PARI-sky,HKGA-sky,2021-01-03,
PARI-sky,HKGA-sky,2021-01-04,446
PARI-sky,HKGA-sky,2021-01-05,
PARI-sky,HKGA-sky,2021-01-06,
PARI-sky,HKGA-sky,2021-01-07,
PARI-sky,HKGA-sky,2021-01-08,
PARI-sky,HKGA-sky,2021-01-09,400
PARI-sky,HKGA-sky,2021-01-10,401
PARI-sky,HKGA-sky,2021-01-11,
PARI-sky,HKGA-sky,2021-01-12,400
PARI-sky,HKGA-sky,2021-01-13,
PARI-sky,HKGA-sky,2021-01-14,
PARI-sky,HKGA-sky,2021-01-15,369
PARI-sky,HKGA-sky,2021-01-16,
PARI-sky,HKGA-sky,2021-01-17,370
PARI-sky,HKGA-sky,2021-01-18,
PARI-sky,HKGA-sky,2021-01-19,
PARI-sky,HKGA-sky,2021-01-20,369
PARI-sky,HKGA-sky,2021-01-21,
PARI-sky,HKGA-sky,2021-01-22,
PARI-sky,HKGA-sky,2021-01-23,
PARI-sky,HKGA-sky,2021-01-24,
PARI-sky,HKGA-sky,2021-01-25,
PARI-sky,HKGA-sky,2021-01-26,
PARI-sky,HKGA-sky,2021-01-27,
PARI-sky,HKGA-sky,2021-01-28,
PARI-sky,HKGA-sky,2021-01-29,
PARI-sky,HKGA-sky,2021-01-30,
PARI-sky,HKGA-sky,2021-01-31,
DXBA-sky,HKGA-sky,2021-01-01,407
DXBA-sky,HKGA-sky,2021-01-02,395
DXBA-sky,HKGA-sky,2021-01-03,356
DXBA-sky,HKGA-sky,2021-01-04,407
DXBA-sky,HKGA-sky,2021-01-05,424
DXBA-sky,HKGA-sky,2021-01-06,407
DXBA-sky,HKGA-sky,2021-01-07,275
DXBA-sky,HKGA-sky,2021-01-08,407
DXBA-sky,HKGA-sky,2021-01-09,275
DXBA-sky,HKGA-sky,2021-01-10,325
DXBA-sky,HKGA-sky,2021-01-11,352
DXBA-sky,HKGA-sky,2021-01-12,322
DXBA-sky,HKGA-sky,2021-01-13,352
DXBA-sky,HKGA-sky,2021-01-14,322
DXBA-sky,HKGA-sky,2021-01-15,352
DXBA-sky,HKGA-sky,2021-01-16,
DXBA-sky,HKGA-sky,2021-01-17,
DXBA-sky,HKGA-sky,2021-01-18,363
DXBA-sky,HKGA-sky,2021-01-19,
DXBA-sky,HKGA-sky,2021-01-20,361
DXBA-sky,HKGA-sky,2021-01-21,
DXBA-sky,HKGA-sky,2021-01-22,
DXBA-sky,HKGA-sky,2021-01-23,
DXBA-sky,HKGA-sky,2021-01-24,
DXBA-sky,HKGA-sky,2021-01-25,
DXBA-sky,HKGA-sky,2021-01-26,
DXBA-sky,HKGA-sky,2021-01-27,
DXBA-sky,HKGA-sky,2021-01-28,351
DXBA-sky,HKGA-sky,2021-01-29,
DXBA-sky,HKGA-sky,2021-01-30,
DXBA-sky,HKGA-sky,2021-01-31,
NYCA-sky,HKGA-sky,2021-01-01,759
NYCA-sky,HKGA-sky,2021-01-02,930
NYCA-sky,HKGA-sky,2021-01-03,575
NYCA-sky,HKGA-sky,2021-01-04,827
NYCA-sky,HKGA-sky,2021-01-05,588
NYCA-sky,HKGA-sky,2021-01-06,804
NYCA-sky,HKGA-sky,2021-01-07,
NYCA-sky,HKGA-sky,2021-01-08,424
NYCA-sky,HKGA-sky,2021-01-09,419
NYCA-sky,HKGA-sky,2021-01-10,411
NYCA-sky,HKGA-sky,2021-01-11,774
NYCA-sky,HKGA-sky,2021-01-12,456
NYCA-sky,HKGA-sky,2021-01-13,
NYCA-sky,HKGA-sky,2021-01-14,
NYCA-sky,HKGA-sky,2021-01-15,471
NYCA-sky,HKGA-sky,2021-01-16,529
NYCA-sky,HKGA-sky,2021-01-17,
NYCA-sky,HKGA-sky,2021-01-18,773
NYCA-sky,HKGA-sky,2021-01-19,537
NYCA-sky,HKGA-sky,2021-01-20,700
NYCA-sky,HKGA-sky,2021-01-21,
NYCA-sky,HKGA-sky,2021-01-22,
NYCA-sky,HKGA-sky,2021-01-23,444
NYCA-sky,HKGA-sky,2021-01-24,570
NYCA-sky,HKGA-sky,2021-01-25,585
NYCA-sky,HKGA-sky,2021-01-26,
NYCA-sky,HKGA-sky,2021-01-27,449
NYCA-sky,HKGA-sky,2021-01-28,
NYCA-sky,HKGA-sky,2021-01-29,
NYCA-sky,HKGA-sky,2021-01-30,
NYCA-sky,HKGA-sky,2021-01-31,
KULM-sky,HKGA-sky,2021-01-01,174
KULM-sky,HKGA-sky,2021-01-02,174
KULM-sky,HKGA-sky,2021-01-03,169
KULM-sky,HKGA-sky,2021-01-04,
KULM-sky,HKGA-sky,2021-01-05,
KULM-sky,HKGA-sky,2021-01-06,171
KULM-sky,HKGA-sky,2021-01-07,
KULM-sky,HKGA-sky,2021-01-08,170
KULM-sky,HKGA-sky,2021-01-09,171
KULM-sky,HKGA-sky,2021-01-10,
KULM-sky,HKGA-sky,2021-01-11,
KULM-sky,HKGA-sky,2021-01-12,
KULM-sky,HKGA-sky,2021-01-13,155
KULM-sky,HKGA-sky,2021-01-14,
KULM-sky,HKGA-sky,2021-01-15,177
KULM-sky,HKGA-sky,2021-01-16,
KULM-sky,HKGA-sky,2021-01-17,
KULM-sky,HKGA-sky,2021-01-18,
KULM-sky,HKGA-sky,2021-01-19,174
KULM-sky,HKGA-sky,2021-01-20,170
KULM-sky,HKGA-sky,2021-01-21,174
KULM-sky,HKGA-sky,2021-01-22,178
KULM-sky,HKGA-sky,2021-01-23,
KULM-sky,HKGA-sky,2021-01-24,
KULM-sky,HKGA-sky,2021-01-25,
KULM-sky,HKGA-sky,2021-01-26,
KULM-sky,HKGA-sky,2021-01-27,
KULM-sky,HKGA-sky,2021-01-28,170
KULM-sky,HKGA-sky,2021-01-29,
KULM-sky,HKGA-sky,2021-01-30,
KULM-sky,HKGA-sky,2021-01-31,
ISTA-sky,HKGA-sky,2021-01-01,412
ISTA-sky,HKGA-sky,2021-01-02,
ISTA-sky,HKGA-sky,2021-01-03,
ISTA-sky,HKGA-sky,2021-01-04,433
ISTA-sky,HKGA-sky,2021-01-05,433
ISTA-sky,HKGA-sky,2021-01-06,
ISTA-sky,HKGA-sky,2021-01-07,
ISTA-sky,HKGA-sky,2021-01-08,
ISTA-sky,HKGA-sky,2021-01-09,
ISTA-sky,HKGA-sky,2021-01-10,
ISTA-sky,HKGA-sky,2021-01-11,
ISTA-sky,HKGA-sky,2021-01-12,
ISTA-sky,HKGA-sky,2021-01-13,
ISTA-sky,HKGA-sky,2021-01-14,
ISTA-sky,HKGA-sky,2021-01-15,
ISTA-sky,HKGA-sky,2021-01-16,
ISTA-sky,HKGA-sky,2021-01-17,
ISTA-sky,HKGA-sky,2021-01-18,
ISTA-sky,HKGA-sky,2021-01-19,
ISTA-sky,HKGA-sky,2021-01-20,
ISTA-sky,HKGA-sky,2021-01-21,
ISTA-sky,HKGA-sky,2021-01-22,
ISTA-sky,HKGA-sky,2021-01-23,
ISTA-sky,HKGA-sky,2021-01-24,
ISTA-sky,HKGA-sky,2021-01-25,
ISTA-sky,HKGA-sky,2021-01-26,
ISTA-sky,HKGA-sky,2021-01-27,
ISTA-sky,HKGA-sky,2021-01-28,
ISTA-sky,HKGA-sky,2021-01-29,
ISTA-sky,HKGA-sky,2021-01-30,
ISTA-sky,HKGA-sky,2021-01-31,
HKGA-sky,BKKT-sky,2021-01-01,101
HKGA-sky,BKKT-sky,2021-01-02,69
HKGA-sky,BKKT-sky,2021-01-03,120
HKGA-sky,BKKT-sky,2021-01-04,72
HKGA-sky,BKKT-sky,2021-01-05,89
HKGA-sky,BKKT-sky,2021-01-06,78
HKGA-sky,BKKT-sky,2021-01-07,69
HKGA-sky,BKKT-sky,2021-01-08,89
HKGA-sky,BKKT-sky,2021-01-09,69
HKGA-sky,BKKT-sky,2021-01-10,
HKGA-sky,BKKT-sky,2021-01-11,80
HKGA-sky,BKKT-sky,2021-01-12,87
HKGA-sky,BKKT-sky,2021-01-13,
HKGA-sky,BKKT-sky,2021-01-14,69
HKGA-sky,BKKT-sky,2021-01-15,
HKGA-sky,BKKT-sky,2021-01-16,
HKGA-sky,BKKT-sky,2021-01-17,
HKGA-sky,BKKT-sky,2021-01-18,
HKGA-sky,BKKT-sky,2021-01-19,69
HKGA-sky,BKKT-sky,2021-01-20,
HKGA-sky,BKKT-sky,2021-01-21,
HKGA-sky,BKKT-sky,2021-01-22,
HKGA-sky,BKKT-sky,2021-01-23,
HKGA-sky,BKKT-sky,2021-01-24,
HKGA-sky,BKKT-sky,2021-01-25,
HKGA-sky,BKKT-sky,2021-01-26,
HKGA-sky,BKKT-sky,2021-01-27,
HKGA-sky,BKKT-sky,2021-01-28,
HKGA-sky,BKKT-sky,2021-01-29,
HKGA-sky,BKKT-sky,2021-01-30,69
HKGA-sky,BKKT-sky,2021-01-31,72
LOND-sky,BKKT-sky,2021-01-01,462
LOND-sky,BKKT-sky,2021-01-02,487
LOND-sky,BKKT-sky,2021-01-03,487
LOND-sky,BKKT-sky,2021-01-04,477
LOND-sky,BKKT-sky,2021-01-05,420
LOND-sky,BKKT-sky,2021-01-06,463
LOND-sky,BKKT-sky,2021-01-07,452
LOND-sky,BKKT-sky,2021-01-08,462
LOND-sky,BKKT-sky,2021-01-09,467
LOND-sky,BKKT-sky,2021-01-10,381
LOND-sky,BKKT-sky,2021-01-11,355
LOND-sky,BKKT-sky,2021-01-12,380
LOND-sky,BKKT-sky,2021-01-13,377
LOND-sky,BKKT-sky,2021-01-14,345
LOND-sky,BKKT-sky,2021-01-15,423
LOND-sky,BKKT-sky,2021-01-16,407
LOND-sky,BKKT-sky,2021-01-17,338
LOND-sky,BKKT-sky,2021-01-18,378
LOND-sky,BKKT-sky,2021-01-19,446
LOND-sky,BKKT-sky,2021-01-20,
LOND-sky,BKKT-sky,2021-01-21,321
LOND-sky,BKKT-sky,2021-01-22,455
LOND-sky,BKKT-sky,2021-01-23,393
LOND-sky,BKKT-sky,2021-01-24,457
LOND-sky,BKKT-sky,2021-01-25,376
LOND-sky,BKKT-sky,2021-01-26,456
LOND-sky,BKKT-sky,2021-01-27,
LOND-sky,BKKT-sky,2021-01-28,321
LOND-sky,BKKT-sky,2021-01-29,
LOND-sky,BKKT-sky,2021-01-30,393
LOND-sky,BKKT-sky,2021-01-31,339
SINS-sky,BKKT-sky,2021-01-01,135
SINS-sky,BKKT-sky,2021-01-02,136
SINS-sky,BKKT-sky,2021-01-03,136
SINS-sky,BKKT-sky,2021-01-04,136
SINS-sky,BKKT-sky,2021-01-05,49
SINS-sky,BKKT-sky,2021-01-06,
SINS-sky,BKKT-sky,2021-01-07,49
SINS-sky,BKKT-sky,2021-01-08,136
SINS-sky,BKKT-sky,2021-01-09,135
SINS-sky,BKKT-sky,2021-01-10,41
SINS-sky,BKKT-sky,2021-01-11,
SINS-sky,BKKT-sky,2021-01-12,
SINS-sky,BKKT-sky,2021-01-13,
SINS-sky,BKKT-sky,2021-01-14,
SINS-sky,BKKT-sky,2021-01-15,
SINS-sky,BKKT-sky,2021-01-16,
SINS-sky,BKKT-sky,2021-01-17,136
SINS-sky,BKKT-sky,2021-01-18,48
SINS-sky,BKKT-sky,2021-01-19,136
SINS-sky,BKKT-sky,2021-01-20,
SINS-sky,BKKT-sky,2021-01-21,
SINS-sky,BKKT-sky,2021-01-22,
SINS-sky,BKKT-sky,2021-01-23,
SINS-sky,BKKT-sky,2021-01-24,
SINS-sky,BKKT-sky,2021-01-25,
SINS-sky,BKKT-sky,2021-01-26,
SINS-sky,BKKT-sky,2021-01-27,
SINS-sky,BKKT-sky,2021-01-28,136
SINS-sky,BKKT-sky,2021-01-29,
SINS-sky,BKKT-sky,2021-01-30,
SINS-sky,BKKT-sky,2021-01-31,
PARI-sky,BKKT-sky,2021-01-01,448
PARI-sky,BKKT-sky,2021-01-02,450
PARI-sky,BKKT-sky,2021-01-03,
PARI-sky,BKKT-sky,2021-01-04,476
PARI-sky,BKKT-sky,2021-01-05,465
PARI-sky,BKKT-sky,2021-01-06,
PARI-sky,BKKT-sky,2021-01-07,
PARI-sky,BKKT-sky,2021-01-08,
PARI-sky,BKKT-sky,2021-01-09,
PARI-sky,BKKT-sky,2021-01-10,
PARI-sky,BKKT-sky,2021-01-11,404
PARI-sky,BKKT-sky,2021-01-12,
PARI-sky,BKKT-sky,2021-01-13,
PARI-sky,BKKT-sky,2021-01-14,
PARI-sky,BKKT-sky,2021-01-15,
PARI-sky,BKKT-sky,2021-01-16,
PARI-sky,BKKT-sky,2021-01-17,
PARI-sky,BKKT-sky,2021-01-18,
PARI-sky,BKKT-sky,2021-01-19,454
PARI-sky,BKKT-sky,2021-01-20,
PARI-sky,BKKT-sky,2021-01-21,
PARI-sky,BKKT-sky,2021-01-22,
PARI-sky,BKKT-sky,2021-01-23,
PARI-sky,BKKT-sky,2021-01-24,435
PARI-sky,BKKT-sky,2021-01-25,
PARI-sky,BKKT-sky,2021-01-26,
PARI-sky,BKKT-sky,2021-01-27,
PARI-sky,BKKT-sky,2021-01-28,407
PARI-sky,BKKT-sky,2021-01-29,448
PARI-sky,BKKT-sky,2021-01-30,
PARI-sky,BKKT-sky,2021-01-31,
DXBA-sky,BKKT-sky,2021-01-01,1036
DXBA-sky,BKKT-sky,2021-01-02,278
DXBA-sky,BKKT-sky,2021-01-03,
DXBA-sky,BKKT-sky,2021-01-04,
DXBA-sky,BKKT-sky,2021-01-05,286
DXBA-sky,BKKT-sky,2021-01-06,
DXBA-sky,BKKT-sky,2021-01-07,382
DXBA-sky,BKKT-sky,2021-01-08,
DXBA-sky,BKKT-sky,2021-01-09,354
DXBA-sky,BKKT-sky,2021-01-10,251
DXBA-sky,BKKT-sky,2021-01-11,383
DXBA-sky,BKKT-sky,2021-01-12,
DXBA-sky,BKKT-sky,2021-01-13,
DXBA-sky,BKKT-sky,2021-01-14,287
DXBA-sky,BKKT-sky,2021-01-15,
DXBA-sky,BKKT-sky,2021-01-16,
DXBA-sky,BKKT-sky,2021-01-17,
DXBA-sky,BKKT-sky,2021-01-18,
DXBA-sky,BKKT-sky,2021-01-19,
DXBA-sky,BKKT-sky,2021-01-20,382
DXBA-sky,BKKT-sky,2021-01-21,286
DXBA-sky,BKKT-sky,2021-01-22,
DXBA-sky,BKKT-sky,2021-01-23,
DXBA-sky,BKKT-sky,2021-01-24,
DXBA-sky,BKKT-sky,2021-01-25,
DXBA-sky,BKKT-sky,2021-01-26,
DXBA-sky,BKKT-sky,2021-01-27,
DXBA-sky,BKKT-sky,2021-01-28,
DXBA-sky,BKKT-sky,2021-01-29,260
DXBA-sky,BKKT-sky,2021-01-30,
DXBA-sky,BKKT-sky,2021-01-31,
NYCA-sky,BKKT-sky,2021-01-01,635
NYCA-sky,BKKT-sky,2021-01-02,731
NYCA-sky,BKKT-sky,2021-01-03,786
NYCA-sky,BKKT-sky,2021-01-04,737
NYCA-sky,BKKT-sky,2021-01-05,709
NYCA-sky,BKKT-sky,2021-01-06,699
NYCA-sky,BKKT-sky,2021-01-07,812
NYCA-sky,BKKT-sky,2021-01-08,699
NYCA-sky,BKKT-sky,2021-01-09,518
NYCA-sky,BKKT-sky,2021-01-10,698
NYCA-sky,BKKT-sky,2021-01-11,531
NYCA-sky,BKKT-sky,2021-01-12,409
NYCA-sky,BKKT-sky,2021-01-13,532
NYCA-sky,BKKT-sky,2021-01-14,643
NYCA-sky,BKKT-sky,2021-01-15,672
NYCA-sky,BKKT-sky,2021-01-16,420
NYCA-sky,BKKT-sky,2021-01-17,666
NYCA-sky,BKKT-sky,2021-01-18,643
NYCA-sky,BKKT-sky,2021-01-19,370
NYCA-sky,BKKT-sky,2021-01-20,538
NYCA-sky,BKKT-sky,2021-01-21,636
NYCA-sky,BKKT-sky,2021-01-22,
NYCA-sky,BKKT-sky,2021-01-23,
NYCA-sky,BKKT-sky,2021-01-24,636
NYCA-sky,BKKT-sky,2021-01-25,538
NYCA-sky,BKKT-sky,2021-01-26,630
NYCA-sky,BKKT-sky,2021-01-27,538
NYCA-sky,BKKT-sky,2021-01-28,372
NYCA-sky,BKKT-sky,2021-01-29,636
NYCA-sky,BKKT-sky,2021-01-30,
NYCA-sky,BKKT-sky,2021-01-31,
KULM-sky,BKKT-sky,2021-01-01,165
KULM-sky,BKKT-sky,2021-01-02,
KULM-sky,BKKT-sky,2021-01-03,
KULM-sky,BKKT-sky,2021-01-04,
KULM-sky,BKKT-sky,2021-01-05,
KULM-sky,BKKT-sky,2021-01-06,141
KULM-sky,BKKT-sky,2021-01-07,
KULM-sky,BKKT-sky,2021-01-08,
KULM-sky,BKKT-sky,2021-01-09,
KULM-sky,BKKT-sky,2021-01-10,
KULM-sky,BKKT-sky,2021-01-11,
KULM-sky,BKKT-sky,2021-01-12,
KULM-sky,BKKT-sky,2021-01-13,68
KULM-sky,BKKT-sky,2021-01-14,
KULM-sky,BKKT-sky,2021-01-15,165
KULM-sky,BKKT-sky,2021-01-16,
KULM-sky,BKKT-sky,2021-01-17,
KULM-sky,BKKT-sky,2021-01-18,164
KULM-sky,BKKT-sky,2021-01-19,
KULM-sky,BKKT-sky,2021-01-20,
KULM-sky,BKKT-sky,2021-01-21,
KULM-sky,BKKT-sky,2021-01-22,165
KULM-sky,BKKT-sky,2021-01-23,
KULM-sky,BKKT-sky,2021-01-24,
KULM-sky,BKKT-sky,2021-01-25,
KULM-sky,BKKT-sky,2021-01-26,
KULM-sky,BKKT-sky,2021-01-27,
KULM-sky,BKKT-sky,2021-01-28,
KULM-sky,BKKT-sky,2021-01-29,164
KULM-sky,BKKT-sky,2021-01-30,
KULM-sky,BKKT-sky,2021-01-31,
ISTA-sky,BKKT-sky,2021-01-01,419
ISTA-sky,BKKT-sky,2021-01-02,440
ISTA-sky,BKKT-sky,2021-01-03,427
ISTA-sky,BKKT-sky,2021-01-04,386
ISTA-sky,BKKT-sky,2021-01-05,371
ISTA-sky,BKKT-sky,2021-01-06,411
ISTA-sky,BKKT-sky,2021-01-07,388
ISTA-sky,BKKT-sky,2021-01-08,355
ISTA-sky,BKKT-sky,2021-01-09,358
ISTA-sky,BKKT-sky,2021-01-10,370
ISTA-sky,BKKT-sky,2021-01-11,370
ISTA-sky,BKKT-sky,2021-01-12,
ISTA-sky,BKKT-sky,2021-01-13,
ISTA-sky,BKKT-sky,2021-01-14,370
ISTA-sky,BKKT-sky,2021-01-15,383
ISTA-sky,BKKT-sky,2021-01-16,386
ISTA-sky,BKKT-sky,2021-01-17,386
ISTA-sky,BKKT-sky,2021-01-18,385
ISTA-sky,BKKT-sky,2021-01-19,379
ISTA-sky,BKKT-sky,2021-01-20,378
ISTA-sky,BKKT-sky,2021-01-21,
ISTA-sky,BKKT-sky,2021-01-22,
ISTA-sky,BKKT-sky,2021-01-23,
ISTA-sky,BKKT-sky,2021-01-24,383
ISTA-sky,BKKT-sky,2021-01-25,
ISTA-sky,BKKT-sky,2021-01-26,393
ISTA-sky,BKKT-sky,2021-01-27,429
ISTA-sky,BKKT-sky,2021-01-28,
ISTA-sky,BKKT-sky,2021-01-29,
ISTA-sky,BKKT-sky,2021-01-30,
ISTA-sky,BKKT-sky,2021-01-31,395
HKGA-sky,LOND-sky,2021-01-01,442
HKGA-sky,LOND-sky,2021-01-02,451
HKGA-sky,LOND-sky,2021-01-03,434
HKGA-sky,LOND-sky,2021-01-04,451
HKGA-sky,LOND-sky,2021-01-05,387
HKGA-sky,LOND-sky,2021-01-06,380
HKGA-sky,LOND-sky,2021-01-07,401
HKGA-sky,LOND-sky,2021-01-08,442
HKGA-sky,LOND-sky,2021-01-09,451
HKGA-sky,LOND-sky,2021-01-10,352
HKGA-sky,LOND-sky,2021-01-11,324
HKGA-sky,LOND-sky,2021-01-12,346
HKGA-sky,LOND-sky,2021-01-13,424
HKGA-sky,LOND-sky,2021-01-14,423
HKGA-sky,LOND-sky,2021-01-15,328
HKGA-sky,LOND-sky,2021-01-16,
HKGA-sky,LOND-sky,2021-01-17,443
HKGA-sky,LOND-sky,2021-01-18,312
HKGA-sky,LOND-sky,2021-01-19,
HKGA-sky,LOND-sky,2021-01-20,310
HKGA-sky,LOND-sky,2021-01-21,359
HKGA-sky,LOND-sky,2021-01-22,322
HKGA-sky,LOND-sky,2021-01-23,451
HKGA-sky,LOND-sky,2021-01-24,312
HKGA-sky,LOND-sky,2021-01-25,312
HKGA-sky,LOND-sky,2021-01-26,423
HKGA-sky,LOND-sky,2021-01-27,451
HKGA-sky,LOND-sky,2021-01-28,424
HKGA-sky,LOND-sky,2021-01-29,317
HKGA-sky,LOND-sky,2021-01-30,501
HKGA-sky,LOND-sky,2021-01-31,459
BKKT-sky,LOND-sky,2021-01-01,368
BKKT-sky,LOND-sky,2021-01-02,438
BKKT-sky,LOND-sky,2021-01-03,371
BKKT-sky,LOND-sky,2021-01-04,438
BKKT-sky,LOND-sky,2021-01-05,457
BKKT-sky,LOND-sky,2021-01-06,438
BKKT-sky,LOND-sky,2021-01-07,342
BKKT-sky,LOND-sky,2021-01-08,415
BKKT-sky,LOND-sky,2021-01-09,438
BKKT-sky,LOND-sky,2021-01-10,332
BKKT-sky,LOND-sky,2021-01-11,358
BKKT-sky,LOND-sky,2021-01-12,416
BKKT-sky,LOND-sky,2021-01-13,396
BKKT-sky,LOND-sky,2021-01-14,332
BKKT-sky,LOND-sky,2021-01-15,354
BKKT-sky,LOND-sky,2021-01-16,414
BKKT-sky,LOND-sky,2021-01-17,338
BKKT-sky,LOND-sky,2021-01-18,379
BKKT-sky,LOND-sky,2021-01-19,382
BKKT-sky,LOND-sky,2021-01-20,404
BKKT-sky,LOND-sky,2021-01-21,338
BKKT-sky,LOND-sky,2021-01-22,358
BKKT-sky,LOND-sky,2021-01-23,428
BKKT-sky,LOND-sky,2021-01-24,345
BKKT-sky,LOND-sky,2021-01-25,349
BKKT-sky,LOND-sky,2021-01-26,345
BKKT-sky,LOND-sky,2021-01-27,404
BKKT-sky,LOND-sky,2021-01-28,332
BKKT-sky,LOND-sky,2021-01-29,370
BKKT-sky,LOND-sky,2021-01-30,338
BKKT-sky,LOND-sky,2021-01-31,416
SINS-sky,LOND-sky,2021-01-01,387
SINS-sky,LOND-sky,2021-01-02,421
SINS-sky,LOND-sky,2021-01-03,414
SINS-sky,LOND-sky,2021-01-04,437
SINS-sky,LOND-sky,2021-01-05,406
SINS-sky,LOND-sky,2021-01-06,403
SINS-sky,LOND-sky,2021-01-07,399
SINS-sky,LOND-sky,2021-01-08,430
SINS-sky,LOND-sky,2021-01-09,378
SINS-sky,LOND-sky,2021-01-10,373
SINS-sky,LOND-sky,2021-01-11,
SINS-sky,LOND-sky,2021-01-12,
SINS-sky,LOND-sky,2021-01-13,412
SINS-sky,LOND-sky,2021-01-14,392
SINS-sky,LOND-sky,2021-01-15,402
SINS-sky,LOND-sky,2021-01-16,402
SINS-sky,LOND-sky,2021-01-17,402
SINS-sky,LOND-sky,2021-01-18,405
SINS-sky,LOND-sky,2021-01-19,432
SINS-sky,LOND-sky,2021-01-20,
SINS-sky,LOND-sky,2021-01-21,
SINS-sky,LOND-sky,2021-01-22,394
SINS-sky,LOND-sky,2021-01-23,466
SINS-sky,LOND-sky,2021-01-24,
SINS-sky,LOND-sky,2021-01-25,405
SINS-sky,LOND-sky,2021-01-26,380
SINS-sky,LOND-sky,2021-01-27,
SINS-sky,LOND-sky,2021-01-28,459
SINS-sky,LOND-sky,2021-01-29,475
SINS-sky,LOND-sky,2021-01-30,467
SINS-sky,LOND-sky,2021-01-31,459
PARI-sky,LOND-sky,2021-01-01,42
PARI-sky,LOND-sky,2021-01-02,40
PARI-sky,LOND-sky,2021-01-03,41
PARI-sky,LOND-sky,2021-01-04,40
PARI-sky,LOND-sky,2021-01-05,42
PARI-sky,LOND-sky,2021-01-06,42
PARI-sky,LOND-sky,2021-01-07,70
PARI-sky,LOND-sky,2021-01-08,39
PARI-sky,LOND-sky,2021-01-09,42
PARI-sky,LOND-sky,2021-01-10,35
PARI-sky,LOND-sky,2021-01-11,36
PARI-sky,LOND-sky,2021-01-12,36
PARI-sky,LOND-sky,2021-01-13,28
PARI-sky,LOND-sky,2021-01-14,42
PARI-sky,LOND-sky,2021-01-15,35
PARI-sky,LOND-sky,2021-01-16,36
PARI-sky,LOND-sky,2021-01-17,34
PARI-sky,LOND-sky,2021-01-18,
PARI-sky,LOND-sky,2021-01-19,
PARI-sky,LOND-sky,2021-01-20,27
PARI-sky,LOND-sky,2021-01-21,38
PARI-sky,LOND-sky,2021-01-22,25
PARI-sky,LOND-sky,2021-01-23,37
PARI-sky,LOND-sky,2021-01-24,28
PARI-sky,LOND-sky,2021-01-25,53
PARI-sky,LOND-sky,2021-01-26,
PARI-sky,LOND-sky,2021-01-27,40
PARI-sky,LOND-sky,2021-01-28,40
PARI-sky,LOND-sky,2021-01-29,25
PARI-sky,LOND-sky,2021-01-30,
PARI-sky,LOND-sky,2021-01-31,33
DXBA-sky,LOND-sky,2021-01-01,283
DXBA-sky,LOND-sky,2021-01-02,223
DXBA-sky,LOND-sky,2021-01-03,213
DXBA-sky,LOND-sky,2021-01-04,218
DXBA-sky,LOND-sky,2021-01-05,206
DXBA-sky,LOND-sky,2021-01-06,185
DXBA-sky,LOND-sky,2021-01-07,185
DXBA-sky,LOND-sky,2021-01-08,206
DXBA-sky,LOND-sky,2021-01-09,215
DXBA-sky,LOND-sky,2021-01-10,196
DXBA-sky,LOND-sky,2021-01-11,200
DXBA-sky,LOND-sky,2021-01-12,217
DXBA-sky,LOND-sky,2021-01-13,207
DXBA-sky,LOND-sky,2021-01-14,208
DXBA-sky,LOND-sky,2021-01-15,179
DXBA-sky,LOND-sky,2021-01-16,176
DXBA-sky,LOND-sky,2021-01-17,173
DXBA-sky,LOND-sky,2021-01-18,182
DXBA-sky,LOND-sky,2021-01-19,200
DXBA-sky,LOND-sky,2021-01-20,200
DXBA-sky,LOND-sky,2021-01-21,198
DXBA-sky,LOND-sky,2021-01-22,180
DXBA-sky,LOND-sky,2021-01-23,182
DXBA-sky,LOND-sky,2021-01-24,209
DXBA-sky,LOND-sky,2021-01-25,182
DXBA-sky,LOND-sky,2021-01-26,182
DXBA-sky,LOND-sky,2021-01-27,200
DXBA-sky,LOND-sky,2021-01-28,197
DXBA-sky,LOND-sky,2021-01-29,182
DXBA-sky,LOND-sky,2021-01-30,171
DXBA-sky,LOND-sky,2021-01-31,187
NYCA-sky,LOND-sky,2021-01-01,235
NYCA-sky,LOND-sky,2021-01-02,281
NYCA-sky,LOND-sky,2021-01-03,258
NYCA-sky,LOND-sky,2021-01-04,231
NYCA-sky,LOND-sky,2021-01-05,230
NYCA-sky,LOND-sky,2021-01-06,234
NYCA-sky,LOND-sky,2021-01-07,231
NYCA-sky,LOND-sky,2021-01-08,230
NYCA-sky,LOND-sky,2021-01-09,230
NYCA-sky,LOND-sky,2021-01-10,222
NYCA-sky,LOND-sky,2021-01-11,226
NYCA-sky,LOND-sky,2021-01-12,188
NYCA-sky,LOND-sky,2021-01-13,191
NYCA-sky,LOND-sky,2021-01-14,222
NYCA-sky,LOND-sky,2021-01-15,218
NYCA-sky,LOND-sky,2021-01-16,259
NYCA-sky,LOND-sky,2021-01-17,216
NYCA-sky,LOND-sky,2021-01-18,202
NYCA-sky,LOND-sky,2021-01-19,187
NYCA-sky,LOND-sky,2021-01-20,190
NYCA-sky,LOND-sky,2021-01-21,206
NYCA-sky,LOND-sky,2021-01-22,220
NYCA-sky,LOND-sky,2021-01-23,219
NYCA-sky,LOND-sky,2021-01-24,193
NYCA-sky,LOND-sky,2021-01-25,198
NYCA-sky,LOND-sky,2021-01-26,274
NYCA-sky,LOND-sky,2021-01-27,187
NYCA-sky,LOND-sky,2021-01-28,198
NYCA-sky,LOND-sky,2021-01-29,213
NYCA-sky,LOND-sky,2021-01-30,201
NYCA-sky,LOND-sky,2021-01-31,188
KULM-sky,LOND-sky,2021-01-01,502
KULM-sky,LOND-sky,2021-01-02,526
KULM-sky,LOND-sky,2021-01-03,539
KULM-sky,LOND-sky,2021-01-04,522
KULM-sky,LOND-sky,2021-01-05,476
KULM-sky,LOND-sky,2021-01-06,476
KULM-sky,LOND-sky,2021-01-07,476
KULM-sky,LOND-sky,2021-01-08,461
KULM-sky,LOND-sky,2021-01-09,502
KULM-sky,LOND-sky,2021-01-10,
KULM-sky,LOND-sky,2021-01-11,422
KULM-sky,LOND-sky,2021-01-12,
KULM-sky,LOND-sky,2021-01-13,392
KULM-sky,LOND-sky,2021-01-14,427
KULM-sky,LOND-sky,2021-01-15,447
KULM-sky,LOND-sky,2021-01-16,449
KULM-sky,LOND-sky,2021-01-17,
KULM-sky,LOND-sky,2021-01-18,423
KULM-sky,LOND-sky,2021-01-19,
KULM-sky,LOND-sky,2021-01-20,423
KULM-sky,LOND-sky,2021-01-21,
KULM-sky,LOND-sky,2021-01-22,
KULM-sky,LOND-sky,2021-01-23,
KULM-sky,LOND-sky,2021-01-24,384
KULM-sky,LOND-sky,2021-01-25,
KULM-sky,LOND-sky,2021-01-26,2190
KULM-sky,LOND-sky,2021-01-27,
KULM-sky,LOND-sky,2021-01-28,407
KULM-sky,LOND-sky,2021-01-29,
KULM-sky,LOND-sky,2021-01-30,
KULM-sky,LOND-sky,2021-01-31,
ISTA-sky,LOND-sky,2021-01-01,71
ISTA-sky,LOND-sky,2021-01-02,76
ISTA-sky,LOND-sky,2021-01-03,65
ISTA-sky,LOND-sky,2021-01-04,66
ISTA-sky,LOND-sky,2021-01-05,74
ISTA-sky,LOND-sky,2021-01-06,62
ISTA-sky,LOND-sky,2021-01-07,64
ISTA-sky,LOND-sky,2021-01-08,71
ISTA-sky,LOND-sky,2021-01-09,66
ISTA-sky,LOND-sky,2021-01-10,64
ISTA-sky,LOND-sky,2021-01-11,65
ISTA-sky,LOND-sky,2021-01-12,66
ISTA-sky,LOND-sky,2021-01-13,65
ISTA-sky,LOND-sky,2021-01-14,64
ISTA-sky,LOND-sky,2021-01-15,64
ISTA-sky,LOND-sky,2021-01-16,65
ISTA-sky,LOND-sky,2021-01-17,64
ISTA-sky,LOND-sky,2021-01-18,64
ISTA-sky,LOND-sky,2021-01-19,66
ISTA-sky,LOND-sky,2021-01-20,64
ISTA-sky,LOND-sky,2021-01-21,64
ISTA-sky,LOND-sky,2021-01-22,64
ISTA-sky,LOND-sky,2021-01-23,
ISTA-sky,LOND-sky,2021-01-24,57
ISTA-sky,LOND-sky,2021-01-25,65
ISTA-sky,LOND-sky,2021-01-26,68
ISTA-sky,LOND-sky,2021-01-27,66
ISTA-sky,LOND-sky,2021-01-28,57
ISTA-sky,LOND-sky,2021-01-29,66
ISTA-sky,LOND-sky,2021-01-30,64
ISTA-sky,LOND-sky,2021-01-31,63
HKGA-sky,SINS-sky,2021-01-01,150
HKGA-sky,SINS-sky,2021-01-02,182
HKGA-sky,SINS-sky,2021-01-03,177
HKGA-sky,SINS-sky,2021-01-04,163
HKGA-sky,SINS-sky,2021-01-05,153
HKGA-sky,SINS-sky,2021-01-06,143
HKGA-sky,SINS-sky,2021-01-07,160
HKGA-sky,SINS-sky,2021-01-08,153
HKGA-sky,SINS-sky,2021-01-09,190
HKGA-sky,SINS-sky,2021-01-10,153
HKGA-sky,SINS-sky,2021-01-11,153
HKGA-sky,SINS-sky,2021-01-12,160
HKGA-sky,SINS-sky,2021-01-13,153
HKGA-sky,SINS-sky,2021-01-14,183
HKGA-sky,SINS-sky,2021-01-15,145
HKGA-sky,SINS-sky,2021-01-16,160
HKGA-sky,SINS-sky,2021-01-17,137
HKGA-sky,SINS-sky,2021-01-18,
HKGA-sky,SINS-sky,2021-01-19,
HKGA-sky,SINS-sky,2021-01-20,
HKGA-sky,SINS-sky,2021-01-21,188
HKGA-sky,SINS-sky,2021-01-22,160
HKGA-sky,SINS-sky,2021-01-23,
HKGA-sky,SINS-sky,2021-01-24,153
HKGA-sky,SINS-sky,2021-01-25,141
HKGA-sky,SINS-sky,2021-01-26,153
HKGA-sky,SINS-sky,2021-01-27,
HKGA-sky,SINS-sky,2021-01-28,
HKGA-sky,SINS-sky,2021-01-29,154
HKGA-sky,SINS-sky,2021-01-30,160
HKGA-sky,SINS-sky,2021-01-31,141
BKKT-sky,SINS-sky,2021-01-01,
BKKT-sky,SINS-sky,2021-01-02,163
BKKT-sky,SINS-sky,2021-01-03,
BKKT-sky,SINS-sky,2021-01-04,153
BKKT-sky,SINS-sky,2021-01-05,69
BKKT-sky,SINS-sky,2021-01-06,53
BKKT-sky,SINS-sky,2021-01-07,70
BKKT-sky,SINS-sky,2021-01-08,159
BKKT-sky,SINS-sky,2021-01-09,
BKKT-sky,SINS-sky,2021-01-10,48
BKKT-sky,SINS-sky,2021-01-11,
BKKT-sky,SINS-sky,2021-01-12,55
BKKT-sky,SINS-sky,2021-01-13,54
BKKT-sky,SINS-sky,2021-01-14,53
BKKT-sky,SINS-sky,2021-01-15,
BKKT-sky,SINS-sky,2021-01-16,
BKKT-sky,SINS-sky,2021-01-17,
BKKT-sky,SINS-sky,2021-01-18,
BKKT-sky,SINS-sky,2021-01-19,
BKKT-sky,SINS-sky,2021-01-20,152
BKKT-sky,SINS-sky,2021-01-21,
BKKT-sky,SINS-sky,2021-01-22,159
BKKT-sky,SINS-sky,2021-01-23,
BKKT-sky,SINS-sky,2021-01-24,
BKKT-sky,SINS-sky,2021-01-25,
BKKT-sky,SINS-sky,2021-01-26,
BKKT-sky,SINS-sky,2021-01-27,
BKKT-sky,SINS-sky,2021-01-28,
BKKT-sky,SINS-sky,2021-01-29,
BKKT-sky,SINS-sky,2021-01-30,
BKKT-sky,SINS-sky,2021-01-31,
LOND-sky,SINS-sky,2021-01-01,431
LOND-sky,SINS-sky,2021-01-02,428
LOND-sky,SINS-sky,2021-01-03,413
LOND-sky,SINS-sky,2021-01-04,428
LOND-sky,SINS-sky,2021-01-05,428
LOND-sky,SINS-sky,2021-01-06,412
LOND-sky,SINS-sky,2021-01-07,429
LOND-sky,SINS-sky,2021-01-08,429
LOND-sky,SINS-sky,2021-01-09,429
LOND-sky,SINS-sky,2021-01-10,412
LOND-sky,SINS-sky,2021-01-11,432
LOND-sky,SINS-sky,2021-01-12,
LOND-sky,SINS-sky,2021-01-13,
LOND-sky,SINS-sky,2021-01-14,428
LOND-sky,SINS-sky,2021-01-15,428
LOND-sky,SINS-sky,2021-01-16,
LOND-sky,SINS-sky,2021-01-17,
LOND-sky,SINS-sky,2021-01-18,
LOND-sky,SINS-sky,2021-01-19,
LOND-sky,SINS-sky,2021-01-20,
LOND-sky,SINS-sky,2021-01-21,430
LOND-sky,SINS-sky,2021-01-22,
LOND-sky,SINS-sky,2021-01-23,406
LOND-sky,SINS-sky,2021-01-24,
LOND-sky,SINS-sky,2021-01-25,
LOND-sky,SINS-sky,2021-01-26,
LOND-sky,SINS-sky,2021-01-27,
LOND-sky,SINS-sky,2021-01-28,
LOND-sky,SINS-sky,2021-01-29,407
LOND-sky,SINS-sky,2021-01-30,361
LOND-sky,SINS-sky,2021-01-31,423
PARI-sky,SINS-sky,2021-01-01,
PARI-sky,SINS-sky,2021-01-02,
PARI-sky,SINS-sky,2021-01-03,
PARI-sky,SINS-sky,2021-01-04,
PARI-sky,SINS-sky,2021-01-05,
PARI-sky,SINS-sky,2021-01-06,
PARI-sky,SINS-sky,2021-01-07,
PARI-sky,SINS-sky,2021-01-08,
PARI-sky,SINS-sky,2021-01-09,
PARI-sky,SINS-sky,2021-01-10,
PARI-sky,SINS-sky,2021-01-11,
PARI-sky,SINS-sky,2021-01-12,
PARI-sky,SINS-sky,2021-01-13,
PARI-sky,SINS-sky,2021-01-14,
PARI-sky,SINS-sky,2021-01-15,516
PARI-sky,SINS-sky,2021-01-16,
PARI-sky,SINS-sky,2021-01-17,
PARI-sky,SINS-sky,2021-01-18,
PARI-sky,SINS-sky,2021-01-19,490
PARI-sky,SINS-sky,2021-01-20,
PARI-sky,SINS-sky,2021-01-21,
PARI-sky,SINS-sky,2021-01-22,
PARI-sky,SINS-sky,2021-01-23,
PARI-sky,SINS-sky,2021-01-24,
PARI-sky,SINS-sky,2021-01-25,
PARI-sky,SINS-sky,2021-01-26,
PARI-sky,SINS-sky,2021-01-27,
PARI-sky,SINS-sky,2021-01-28,
PARI-sky,SINS-sky,2021-01-29,
PARI-sky,SINS-sky,2021-01-30,
PARI-sky,SINS-sky,2021-01-31,
DXBA-sky,SINS-sky,2021-01-01,
DXBA-sky,SINS-sky,2021-01-02,
DXBA-sky,SINS-sky,2021-01-03,350
DXBA-sky,SINS-sky,2021-01-04,
DXBA-sky,SINS-sky,2021-01-05,
DXBA-sky,SINS-sky,2021-01-06,
DXBA-sky,SINS-sky,2021-01-07,321
DXBA-sky,SINS-sky,2021-01-08,322
DXBA-sky,SINS-sky,2021-01-09,321
DXBA-sky,SINS-sky,2021-01-10,317
DXBA-sky,SINS-sky,2021-01-11,254
DXBA-sky,SINS-sky,2021-01-12,
DXBA-sky,SINS-sky,2021-01-13,
DXBA-sky,SINS-sky,2021-01-14,
DXBA-sky,SINS-sky,2021-01-15,
DXBA-sky,SINS-sky,2021-01-16,254
DXBA-sky,SINS-sky,2021-01-17,
DXBA-sky,SINS-sky,2021-01-18,
DXBA-sky,SINS-sky,2021-01-19,
DXBA-sky,SINS-sky,2021-01-20,
DXBA-sky,SINS-sky,2021-01-21,
DXBA-sky,SINS-sky,2021-01-22,
DXBA-sky,SINS-sky,2021-01-23,
DXBA-sky,SINS-sky,2021-01-24,
DXBA-sky,SINS-sky,2021-01-25,
DXBA-sky,SINS-sky,2021-01-26,
DXBA-sky,SINS-sky,2021-01-27,
DXBA-sky,SINS-sky,2021-01-28,
DXBA-sky,SINS-sky,2021-01-29,
DXBA-sky,SINS-sky,2021-01-30,
DXBA-sky,SINS-sky,2021-01-31,289
NYCA-sky,SINS-sky,2021-01-01,735
NYCA-sky,SINS-sky,2021-01-02,716
NYCA-sky,SINS-sky,2021-01-03,767
NYCA-sky,SINS-sky,2021-01-04,853
NYCA-sky,SINS-sky,2021-01-05,585
NYCA-sky,SINS-sky,2021-01-06,597
NYCA-sky,SINS-sky,2021-01-07,612
NYCA-sky,SINS-sky,2021-01-08,
NYCA-sky,SINS-sky,2021-01-09,
NYCA-sky,SINS-sky,2021-01-10,
NYCA-sky,SINS-sky,2021-01-11,598
NYCA-sky,SINS-sky,2021-01-12,557
NYCA-sky,SINS-sky,2021-01-13,582
NYCA-sky,SINS-sky,2021-01-14,597
NYCA-sky,SINS-sky,2021-01-15,585
NYCA-sky,SINS-sky,2021-01-16,569
NYCA-sky,SINS-sky,2021-01-17,596
NYCA-sky,SINS-sky,2021-01-18,585
NYCA-sky,SINS-sky,2021-01-19,597
NYCA-sky,SINS-sky,2021-01-20,586
NYCA-sky,SINS-sky,2021-01-21,597
NYCA-sky,SINS-sky,2021-01-22,610
NYCA-sky,SINS-sky,2021-01-23,
NYCA-sky,SINS-sky,2021-01-24,597
NYCA-sky,SINS-sky,2021-01-25,585
NYCA-sky,SINS-sky,2021-01-26,597
NYCA-sky,SINS-sky,2021-01-27,
NYCA-sky,SINS-sky,2021-01-28,
NYCA-sky,SINS-sky,2021-01-29,
NYCA-sky,SINS-sky,2021-01-30,
NYCA-sky,SINS-sky,2021-01-31,
KULM-sky,SINS-sky,2021-01-01,89
KULM-sky,SINS-sky,2021-01-02,67
KULM-sky,SINS-sky,2021-01-03,57
KULM-sky,SINS-sky,2021-01-04,58
KULM-sky,SINS-sky,2021-01-05,58
KULM-sky,SINS-sky,2021-01-06,85
KULM-sky,SINS-sky,2021-01-07,57
KULM-sky,SINS-sky,2021-01-08,67
KULM-sky,SINS-sky,2021-01-09,67
KULM-sky,SINS-sky,2021-01-10,47
KULM-sky,SINS-sky,2021-01-11,57
KULM-sky,SINS-sky,2021-01-12,85
KULM-sky,SINS-sky,2021-01-13,57
KULM-sky,SINS-sky,2021-01-14,57
KULM-sky,SINS-sky,2021-01-15,
KULM-sky,SINS-sky,2021-01-16,85
KULM-sky,SINS-sky,2021-01-17,57
KULM-sky,SINS-sky,2021-01-18,57
KULM-sky,SINS-sky,2021-01-19,
KULM-sky,SINS-sky,2021-01-20,85
KULM-sky,SINS-sky,2021-01-21,57
KULM-sky,SINS-sky,2021-01-22,67
KULM-sky,SINS-sky,2021-01-23,46
KULM-sky,SINS-sky,2021-01-24,58
KULM-sky,SINS-sky,2021-01-25,58
KULM-sky,SINS-sky,2021-01-26,
KULM-sky,SINS-sky,2021-01-27,46
KULM-sky,SINS-sky,2021-01-28,58
KULM-sky,SINS-sky,2021-01-29,67
KULM-sky,SINS-sky,2021-01-30,116
KULM-sky,SINS-sky,2021-01-31,58
ISTA-sky,SINS-sky,2021-01-01,
ISTA-sky,SINS-sky,2021-01-02,
ISTA-sky,SINS-sky,2021-01-03,
ISTA-sky,SINS-sky,2021-01-04,528
ISTA-sky,SINS-sky,2021-01-05,
ISTA-sky,SINS-sky,2021-01-06,
ISTA-sky,SINS-sky,2021-01-07,509
ISTA-sky,SINS-sky,2021-01-08,
ISTA-sky,SINS-sky,2021-01-09,441
ISTA-sky,SINS-sky,2021-01-10,520
ISTA-sky,SINS-sky,2021-01-11,
ISTA-sky,SINS-sky,2021-01-12,
ISTA-sky,SINS-sky,2021-01-13,458
ISTA-sky,SINS-sky,2021-01-14,
ISTA-sky,SINS-sky,2021-01-15,
ISTA-sky,SINS-sky,2021-01-16,
ISTA-sky,SINS-sky,2021-01-17,
ISTA-sky,SINS-sky,2021-01-18,458
ISTA-sky,SINS-sky,2021-01-19,
ISTA-sky,SINS-sky,2021-01-20,
ISTA-sky,SINS-sky,2021-01-21,
ISTA-sky,SINS-sky,2021-01-22,
ISTA-sky,SINS-sky,2021-01-23,
ISTA-sky,SINS-sky,2021-01-24,
ISTA-sky,SINS-sky,2021-01-25,
ISTA-sky,SINS-sky,2021-01-26,
ISTA-sky,SINS-sky,2021-01-27,
ISTA-sky,SINS-sky,2021-01-28,
ISTA-sky,SINS-sky,2021-01-29,
ISTA-sky,SINS-sky,2021-01-30,
ISTA-sky,SINS-sky,2021-01-31,
HKGA-sky,PARI-sky,2021-01-01,414
HKGA-sky,PARI-sky,2021-01-02,440
HKGA-sky,PARI-sky,2021-01-03,448
HKGA-sky,PARI-sky,2021-01-04,448
HKGA-sky,PARI-sky,2021-01-05,
HKGA-sky,PARI-sky,2021-01-06,
HKGA-sky,PARI-sky,2021-01-07,872
HKGA-sky,PARI-sky,2021-01-08,
HKGA-sky,PARI-sky,2021-01-09,
HKGA-sky,PARI-sky,2021-01-10,
HKGA-sky,PARI-sky,2021-01-11,
HKGA-sky,PARI-sky,2021-01-12,
HKGA-sky,PARI-sky,2021-01-13,393
HKGA-sky,PARI-sky,2021-01-14,
HKGA-sky,PARI-sky,2021-01-15,
HKGA-sky,PARI-sky,2021-01-16,
HKGA-sky,PARI-sky,2021-01-17,
HKGA-sky,PARI-sky,2021-01-18,462
HKGA-sky,PARI-sky,2021-01-19,
HKGA-sky,PARI-sky,2021-01-20,
HKGA-sky,PARI-sky,2021-01-21,
HKGA-sky,PARI-sky,2021-01-22,412
HKGA-sky,PARI-sky,2021-01-23,440
HKGA-sky,PARI-sky,2021-01-24,
HKGA-sky,PARI-sky,2021-01-25,462
HKGA-sky,PARI-sky,2021-01-26,440
HKGA-sky,PARI-sky,2021-01-27,447
HKGA-sky,PARI-sky,2021-01-28,440
HKGA-sky,PARI-sky,2021-01-29,
HKGA-sky,PARI-sky,2021-01-30,440
HKGA-sky,PARI-sky,2021-01-31,
BKKT-sky,PARI-sky,2021-01-01,475
BKKT-sky,PARI-sky,2021-01-02,442
BKKT-sky,PARI-sky,2021-01-03,450
BKKT-sky,PARI-sky,2021-01-04,475
BKKT-sky,PARI-sky,2021-01-05,442
BKKT-sky,PARI-sky,2021-01-06,450
BKKT-sky,PARI-sky,2021-01-07,442
BKKT-sky,PARI-sky,2021-01-08,450
BKKT-sky,PARI-sky,2021-01-09,442
BKKT-sky,PARI-sky,2021-01-10,450
BKKT-sky,PARI-sky,2021-01-11,335
BKKT-sky,PARI-sky,2021-01-12,436
BKKT-sky,PARI-sky,2021-01-13,450
BKKT-sky,PARI-sky,2021-01-14,436
BKKT-sky,PARI-sky,2021-01-15,392
BKKT-sky,PARI-sky,2021-01-16,434
BKKT-sky,PARI-sky,2021-01-17,
BKKT-sky,PARI-sky,2021-01-18,335
BKKT-sky,PARI-sky,2021-01-19,442
BKKT-sky,PARI-sky,2021-01-20,450
BKKT-sky,PARI-sky,2021-01-21,442
BKKT-sky,PARI-sky,2021-01-22,
BKKT-sky,PARI-sky,2021-01-23,
BKKT-sky,PARI-sky,2021-01-24,450
BKKT-sky,PARI-sky,2021-01-25,341
BKKT-sky,PARI-sky,2021-01-26,
BKKT-sky,PARI-sky,2021-01-27,
BKKT-sky,PARI-sky,2021-01-28,437
BKKT-sky,PARI-sky,2021-01-29,
BKKT-sky,PARI-sky,2021-01-30,442
BKKT-sky,PARI-sky,2021-01-31,450
LOND-sky,PARI-sky,2021-01-01,40
LOND-sky,PARI-sky,2021-01-02,
LOND-sky,PARI-sky,2021-01-03,52
LOND-sky,PARI-sky,2021-01-04,54
LOND-sky,PARI-sky,2021-01-05,42
LOND-sky,PARI-sky,2021-01-06,37
LOND-sky,PARI-sky,2021-01-07,42
LOND-sky,PARI-sky,2021-01-08,42
LOND-sky,PARI-sky,2021-01-09,
LOND-sky,PARI-sky,2021-01-10,42
LOND-sky,PARI-sky,2021-01-11,40
LOND-sky,PARI-sky,2021-01-12,39
LOND-sky,PARI-sky,2021-01-13,32
LOND-sky,PARI-sky,2021-01-14,27
LOND-sky,PARI-sky,2021-01-15,42
LOND-sky,PARI-sky,2021-01-16,39
LOND-sky,PARI-sky,2021-01-17,40
LOND-sky,PARI-sky,2021-01-18,73
LOND-sky,PARI-sky,2021-01-19,113
LOND-sky,PARI-sky,2021-01-20,
LOND-sky,PARI-sky,2021-01-21,
LOND-sky,PARI-sky,2021-01-22,40
LOND-sky,PARI-sky,2021-01-23,40
LOND-sky,PARI-sky,2021-01-24,27
LOND-sky,PARI-sky,2021-01-25,40
LOND-sky,PARI-sky,2021-01-26,111
LOND-sky,PARI-sky,2021-01-27,
LOND-sky,PARI-sky,2021-01-28,27
LOND-sky,PARI-sky,2021-01-29,45
LOND-sky,PARI-sky,2021-01-30,
LOND-sky,PARI-sky,2021-01-31,36
SINS-sky,PARI-sky,2021-01-01,449
SINS-sky,PARI-sky,2021-01-02,449
SINS-sky,PARI-sky,2021-01-03,447
SINS-sky,PARI-sky,2021-01-04,449
SINS-sky,PARI-sky,2021-01-05,
SINS-sky,PARI-sky,2021-01-06,449
SINS-sky,PARI-sky,2021-01-07,405
SINS-sky,PARI-sky,2021-01-08,449
SINS-sky,PARI-sky,2021-01-09,437
SINS-sky,PARI-sky,2021-01-10,434
SINS-sky,PARI-sky,2021-01-11,404
SINS-sky,PARI-sky,2021-01-12,
SINS-sky,PARI-sky,2021-01-13,
SINS-sky,PARI-sky,2021-01-14,449
SINS-sky,PARI-sky,2021-01-15,432
SINS-sky,PARI-sky,2021-01-16,
SINS-sky,PARI-sky,2021-01-17,
SINS-sky,PARI-sky,2021-01-18,
SINS-sky,PARI-sky,2021-01-19,
SINS-sky,PARI-sky,2021-01-20,
SINS-sky,PARI-sky,2021-01-21,
SINS-sky,PARI-sky,2021-01-22,
SINS-sky,PARI-sky,2021-01-23,
SINS-sky,PARI-sky,2021-01-24,
SINS-sky,PARI-sky,2021-01-25,
SINS-sky,PARI-sky,2021-01-26,
SINS-sky,PARI-sky,2021-01-27,
SINS-sky,PARI-sky,2021-01-28,
SINS-sky,PARI-sky,2021-01-29,
SINS-sky,PARI-sky,2021-01-30,
SINS-sky,PARI-sky,2021-01-31,
DXBA-sky,PARI-sky,2021-01-01,296
DXBA-sky,PARI-sky,2021-01-02,294
DXBA-sky,PARI-sky,2021-01-03,264
DXBA-sky,PARI-sky,2021-01-04,237
DXBA-sky,PARI-sky,2021-01-05,210
DXBA-sky,PARI-sky,2021-01-06,293
DXBA-sky,PARI-sky,2021-01-07,202
DXBA-sky,PARI-sky,2021-01-08,184
DXBA-sky,PARI-sky,2021-01-09,232
DXBA-sky,PARI-sky,2021-01-10,184
DXBA-sky,PARI-sky,2021-01-11,230
DXBA-sky,PARI-sky,2021-01-12,208
DXBA-sky,PARI-sky,2021-01-13,214
DXBA-sky,PARI-sky,2021-01-14,232
DXBA-sky,PARI-sky,2021-01-15,211
DXBA-sky,PARI-sky,2021-01-16,214
DXBA-sky,PARI-sky,2021-01-17,214
DXBA-sky,PARI-sky,2021-01-18,248
DXBA-sky,PARI-sky,2021-01-19,184
DXBA-sky,PARI-sky,2021-01-20,204
DXBA-sky,PARI-sky,2021-01-21,214
DXBA-sky,PARI-sky,2021-01-22,206
DXBA-sky,PARI-sky,2021-01-23,
DXBA-sky,PARI-sky,2021-01-24,
DXBA-sky,PARI-sky,2021-01-25,212
DXBA-sky,PARI-sky,2021-01-26,184
DXBA-sky,PARI-sky,2021-01-27,
DXBA-sky,PARI-sky,2021-01-28,184
DXBA-sky,PARI-sky,2021-01-29,184
DXBA-sky,PARI-sky,2021-01-30,208
DXBA-sky,PARI-sky,2021-01-31,214
NYCA-sky,PARI-sky,2021-01-01,162
NYCA-sky,PARI-sky,2021-01-02,248
NYCA-sky,PARI-sky,2021-01-03,245
NYCA-sky,PARI-sky,2021-01-04,245
NYCA-sky,PARI-sky,2021-01-05,194
NYCA-sky,PARI-sky,2021-01-06,173
NYCA-sky,PARI-sky,2021-01-07,166
NYCA-sky,PARI-sky,2021-01-08,148
NYCA-sky,PARI-sky,2021-01-09,173
NYCA-sky,PARI-sky,2021-01-10,159
NYCA-sky,PARI-sky,2021-01-11,173
NYCA-sky,PARI-sky,2021-01-12,174
NYCA-sky,PARI-sky,2021-01-13,174
NYCA-sky,PARI-sky,2021-01-14,166
NYCA-sky,PARI-sky,2021-01-15,173
NYCA-sky,PARI-sky,2021-01-16,217
NYCA-sky,PARI-sky,2021-01-17,
NYCA-sky,PARI-sky,2021-01-18,190
NYCA-sky,PARI-sky,2021-01-19,194
NYCA-sky,PARI-sky,2021-01-20,
NYCA-sky,PARI-sky,2021-01-21,248
NYCA-sky,PARI-sky,2021-01-22,193
NYCA-sky,PARI-sky,2021-01-23,189
NYCA-sky,PARI-sky,2021-01-24,161
NYCA-sky,PARI-sky,2021-01-25,217
NYCA-sky,PARI-sky,2021-01-26,201
NYCA-sky,PARI-sky,2021-01-27,221
NYCA-sky,PARI-sky,2021-01-28,248
NYCA-sky,PARI-sky,2021-01-29,
NYCA-sky,PARI-sky,2021-01-30,
NYCA-sky,PARI-sky,2021-01-31,
KULM-sky,PARI-sky,2021-01-01,484
KULM-sky,PARI-sky,2021-01-02,485
KULM-sky,PARI-sky,2021-01-03,484
KULM-sky,PARI-sky,2021-01-04,
KULM-sky,PARI-sky,2021-01-05,484
KULM-sky,PARI-sky,2021-01-06,
KULM-sky,PARI-sky,2021-01-07,
KULM-sky,PARI-sky,2021-01-08,
KULM-sky,PARI-sky,2021-01-09,
KULM-sky,PARI-sky,2021-01-10,
KULM-sky,PARI-sky,2021-01-11,
KULM-sky,PARI-sky,2021-01-12,
KULM-sky,PARI-sky,2021-01-13,
KULM-sky,PARI-sky,2021-01-14,
KULM-sky,PARI-sky,2021-01-15,
KULM-sky,PARI-sky,2021-01-16,483
KULM-sky,PARI-sky,2021-01-17,484
KULM-sky,PARI-sky,2021-01-18,
KULM-sky,PARI-sky,2021-01-19,
KULM-sky,PARI-sky,2021-01-20,
KULM-sky,PARI-sky,2021-01-21,
KULM-sky,PARI-sky,2021-01-22,
KULM-sky,PARI-sky,2021-01-23,
KULM-sky,PARI-sky,2021-01-24,
KULM-sky,PARI-sky,2021-01-25,
KULM-sky,PARI-sky,2021-01-26,
KULM-sky,PARI-sky,2021-01-27,
KULM-sky,PARI-sky,2021-01-28,
KULM-sky,PARI-sky,2021-01-29,
KULM-sky,PARI-sky,2021-01-30,
KULM-sky,PARI-sky,2021-01-31,
ISTA-sky,PARI-sky,2021-01-01,86
ISTA-sky,PARI-sky,2021-01-02,102
ISTA-sky,PARI-sky,2021-01-03,85
ISTA-sky,PARI-sky,2021-01-04,103
ISTA-sky,PARI-sky,2021-01-05,77
ISTA-sky,PARI-sky,2021-01-06,107
ISTA-sky,PARI-sky,2021-01-07,119
ISTA-sky,PARI-sky,2021-01-08,120
ISTA-sky,PARI-sky,2021-01-09,
ISTA-sky,PARI-sky,2021-01-10,
ISTA-sky,PARI-sky,2021-01-11,71
ISTA-sky,PARI-sky,2021-01-12,120
ISTA-sky,PARI-sky,2021-01-13,80
ISTA-sky,PARI-sky,2021-01-14,66
ISTA-sky,PARI-sky,2021-01-15,82
ISTA-sky,PARI-sky,2021-01-16,75
ISTA-sky,PARI-sky,2021-01-17,81
ISTA-sky,PARI-sky,2021-01-18,80
ISTA-sky,PARI-sky,2021-01-19,71
ISTA-sky,PARI-sky,2021-01-20,79
ISTA-sky,PARI-sky,2021-01-21,67
ISTA-sky,PARI-sky,2021-01-22,86
ISTA-sky,PARI-sky,2021-01-23,
ISTA-sky,PARI-sky,2021-01-24,123
ISTA-sky,PARI-sky,2021-01-25,71
ISTA-sky,PARI-sky,2021-01-26,71
ISTA-sky,PARI-sky,2021-01-27,
ISTA-sky,PARI-sky,2021-01-28,71
ISTA-sky,PARI-sky,2021-01-29,
ISTA-sky,PARI-sky,2021-01-30,77
ISTA-sky,PARI-sky,2021-01-31,74
HKGA-sky,DXBA-sky,2021-01-01,260
HKGA-sky,DXBA-sky,2021-01-02,311
HKGA-sky,DXBA-sky,2021-01-03,260
HKGA-sky,DXBA-sky,2021-01-04,310
HKGA-sky,DXBA-sky,2021-01-05,204
HKGA-sky,DXBA-sky,2021-01-06,310
HKGA-sky,DXBA-sky,2021-01-07,298
HKGA-sky,DXBA-sky,2021-01-08,
HKGA-sky,DXBA-sky,2021-01-09,319
HKGA-sky,DXBA-sky,2021-01-10,
HKGA-sky,DXBA-sky,2021-01-11,
HKGA-sky,DXBA-sky,2021-01-12,260
HKGA-sky,DXBA-sky,2021-01-13,
HKGA-sky,DXBA-sky,2021-01-14,264
HKGA-sky,DXBA-sky,2021-01-15,260
HKGA-sky,DXBA-sky,2021-01-16,
HKGA-sky,DXBA-sky,2021-01-17,
HKGA-sky,DXBA-sky,2021-01-18,
HKGA-sky,DXBA-sky,2021-01-19,
HKGA-sky,DXBA-sky,2021-01-20,
HKGA-sky,DXBA-sky,2021-01-21,
HKGA-sky,DXBA-sky,2021-01-22,267
HKGA-sky,DXBA-sky,2021-01-23,325
HKGA-sky,DXBA-sky,2021-01-24,262
HKGA-sky,DXBA-sky,2021-01-25,
HKGA-sky,DXBA-sky,2021-01-26,320
HKGA-sky,DXBA-sky,2021-01-27,
HKGA-sky,DXBA-sky,2021-01-28,
HKGA-sky,DXBA-sky,2021-01-29,
HKGA-sky,DXBA-sky,2021-01-30,
HKGA-sky,DXBA-sky,2021-01-31,
BKKT-sky,DXBA-sky,2021-01-01,225
BKKT-sky,DXBA-sky,2021-01-02,244
BKKT-sky,DXBA-sky,2021-01-03,236
BKKT-sky,DXBA-sky,2021-01-04,223
BKKT-sky,DXBA-sky,2021-01-05,223
BKKT-sky,DXBA-sky,2021-01-06,223
BKKT-sky,DXBA-sky,2021-01-07,223
BKKT-sky,DXBA-sky,2021-01-08,223
BKKT-sky,DXBA-sky,2021-01-09,223
BKKT-sky,DXBA-sky,2021-01-10,223
BKKT-sky,DXBA-sky,2021-01-11,223
BKKT-sky,DXBA-sky,2021-01-12,228
BKKT-sky,DXBA-sky,2021-01-13,223
BKKT-sky,DXBA-sky,2021-01-14,223
BKKT-sky,DXBA-sky,2021-01-15,223
BKKT-sky,DXBA-sky,2021-01-16,223
BKKT-sky,DXBA-sky,2021-01-17,223
BKKT-sky,DXBA-sky,2021-01-18,223
BKKT-sky,DXBA-sky,2021-01-19,223
BKKT-sky,DXBA-sky,2021-01-20,223
BKKT-sky,DXBA-sky,2021-01-21,220
BKKT-sky,DXBA-sky,2021-01-22,223
BKKT-sky,DXBA-sky,2021-01-23,223
BKKT-sky,DXBA-sky,2021-01-24,223
BKKT-sky,DXBA-sky,2021-01-25,227
BKKT-sky,DXBA-sky,2021-01-26,227
BKKT-sky,DXBA-sky,2021-01-27,227
BKKT-sky,DXBA-sky,2021-01-28,228
BKKT-sky,DXBA-sky,2021-01-29,227
BKKT-sky,DXBA-sky,2021-01-30,227
BKKT-sky,DXBA-sky,2021-01-31,227
LOND-sky,DXBA-sky,2021-01-01,288
LOND-sky,DXBA-sky,2021-01-02,289
LOND-sky,DXBA-sky,2021-01-03,300
LOND-sky,DXBA-sky,2021-01-04,328
LOND-sky,DXBA-sky,2021-01-05,269
LOND-sky,DXBA-sky,2021-01-06,252
LOND-sky,DXBA-sky,2021-01-07,252
LOND-sky,DXBA-sky,2021-01-08,245
LOND-sky,DXBA-sky,2021-01-09,188
LOND-sky,DXBA-sky,2021-01-10,206
LOND-sky,DXBA-sky,2021-01-11,172
LOND-sky,DXBA-sky,2021-01-12,172
LOND-sky,DXBA-sky,2021-01-13,172
LOND-sky,DXBA-sky,2021-01-14,173
LOND-sky,DXBA-sky,2021-01-15,199
LOND-sky,DXBA-sky,2021-01-16,146
LOND-sky,DXBA-sky,2021-01-17,171
LOND-sky,DXBA-sky,2021-01-18,211
LOND-sky,DXBA-sky,2021-01-19,185
LOND-sky,DXBA-sky,2021-01-20,162
LOND-sky,DXBA-sky,2021-01-21,260
LOND-sky,DXBA-sky,2021-01-22,194
LOND-sky,DXBA-sky,2021-01-23,166
LOND-sky,DXBA-sky,2021-01-24,173
LOND-sky,DXBA-sky,2021-01-25,175
LOND-sky,DXBA-sky,2021-01-26,303
LOND-sky,DXBA-sky,2021-01-27,200
LOND-sky,DXBA-sky,2021-01-28,265
LOND-sky,DXBA-sky,2021-01-29,207
LOND-sky,DXBA-sky,2021-01-30,183
LOND-sky,DXBA-sky,2021-01-31,167
SINS-sky,DXBA-sky,2021-01-01,359
SINS-sky,DXBA-sky,2021-01-02,359
SINS-sky,DXBA-sky,2021-01-03,273
SINS-sky,DXBA-sky,2021-01-04,
SINS-sky,DXBA-sky,2021-01-05,
SINS-sky,DXBA-sky,2021-01-06,291
SINS-sky,DXBA-sky,2021-01-07,
SINS-sky,DXBA-sky,2021-01-08,306
SINS-sky,DXBA-sky,2021-01-09,
SINS-sky,DXBA-sky,2021-01-10,305
SINS-sky,DXBA-sky,2021-01-11,264
SINS-sky,DXBA-sky,2021-01-12,499
SINS-sky,DXBA-sky,2021-01-13,
SINS-sky,DXBA-sky,2021-01-14,
SINS-sky,DXBA-sky,2021-01-15,264
SINS-sky,DXBA-sky,2021-01-16,
SINS-sky,DXBA-sky,2021-01-17,
SINS-sky,DXBA-sky,2021-01-18,265
SINS-sky,DXBA-sky,2021-01-19,
SINS-sky,DXBA-sky,2021-01-20,260
SINS-sky,DXBA-sky,2021-01-21,284
SINS-sky,DXBA-sky,2021-01-22,
SINS-sky,DXBA-sky,2021-01-23,
SINS-sky,DXBA-sky,2021-01-24,
SINS-sky,DXBA-sky,2021-01-25,
SINS-sky,DXBA-sky,2021-01-26,
SINS-sky,DXBA-sky,2021-01-27,
SINS-sky,DXBA-sky,2021-01-28,
SINS-sky,DXBA-sky,2021-01-29,267
SINS-sky,DXBA-sky,2021-01-30,229
SINS-sky,DXBA-sky,2021-01-31,198
PARI-sky,DXBA-sky,2021-01-01,282
PARI-sky,DXBA-sky,2021-01-02,328
PARI-sky,DXBA-sky,2021-01-03,344
PARI-sky,DXBA-sky,2021-01-04,326
PARI-sky,DXBA-sky,2021-01-05,282
PARI-sky,DXBA-sky,2021-01-06,236
PARI-sky,DXBA-sky,2021-01-07,
PARI-sky,DXBA-sky,2021-01-08,229
PARI-sky,DXBA-sky,2021-01-09,
PARI-sky,DXBA-sky,2021-01-10,236
PARI-sky,DXBA-sky,2021-01-11,191
PARI-sky,DXBA-sky,2021-01-12,236
PARI-sky,DXBA-sky,2021-01-13,236
PARI-sky,DXBA-sky,2021-01-14,215
PARI-sky,DXBA-sky,2021-01-15,
PARI-sky,DXBA-sky,2021-01-16,
PARI-sky,DXBA-sky,2021-01-17,
PARI-sky,DXBA-sky,2021-01-18,236
PARI-sky,DXBA-sky,2021-01-19,236
PARI-sky,DXBA-sky,2021-01-20,213
PARI-sky,DXBA-sky,2021-01-21,171
PARI-sky,DXBA-sky,2021-01-22,
PARI-sky,DXBA-sky,2021-01-23,
PARI-sky,DXBA-sky,2021-01-24,213
PARI-sky,DXBA-sky,2021-01-25,199
PARI-sky,DXBA-sky,2021-01-26,
PARI-sky,DXBA-sky,2021-01-27,236
PARI-sky,DXBA-sky,2021-01-28,
PARI-sky,DXBA-sky,2021-01-29,
PARI-sky,DXBA-sky,2021-01-30,
PARI-sky,DXBA-sky,2021-01-31,
NYCA-sky,DXBA-sky,2021-01-01,584
NYCA-sky,DXBA-sky,2021-01-02,646
NYCA-sky,DXBA-sky,2021-01-03,556
NYCA-sky,DXBA-sky,2021-01-04,643
NYCA-sky,DXBA-sky,2021-01-05,561
NYCA-sky,DXBA-sky,2021-01-06,664
NYCA-sky,DXBA-sky,2021-01-07,573
NYCA-sky,DXBA-sky,2021-01-08,558
NYCA-sky,DXBA-sky,2021-01-09,545
NYCA-sky,DXBA-sky,2021-01-10,485
NYCA-sky,DXBA-sky,2021-01-11,428
NYCA-sky,DXBA-sky,2021-01-12,453
NYCA-sky,DXBA-sky,2021-01-13,424
NYCA-sky,DXBA-sky,2021-01-14,515
NYCA-sky,DXBA-sky,2021-01-15,497
NYCA-sky,DXBA-sky,2021-01-16,415
NYCA-sky,DXBA-sky,2021-01-17,455
NYCA-sky,DXBA-sky,2021-01-18,
NYCA-sky,DXBA-sky,2021-01-19,
NYCA-sky,DXBA-sky,2021-01-20,408
NYCA-sky,DXBA-sky,2021-01-21,
NYCA-sky,DXBA-sky,2021-01-22,
NYCA-sky,DXBA-sky,2021-01-23,
NYCA-sky,DXBA-sky,2021-01-24,
NYCA-sky,DXBA-sky,2021-01-25,879
NYCA-sky,DXBA-sky,2021-01-26,
NYCA-sky,DXBA-sky,2021-01-27,
NYCA-sky,DXBA-sky,2021-01-28,516
NYCA-sky,DXBA-sky,2021-01-29,540
NYCA-sky,DXBA-sky,2021-01-30,662
NYCA-sky,DXBA-sky,2021-01-31,
KULM-sky,DXBA-sky,2021-01-01,342
KULM-sky,DXBA-sky,2021-01-02,282
KULM-sky,DXBA-sky,2021-01-03,
KULM-sky,DXBA-sky,2021-01-04,
KULM-sky,DXBA-sky,2021-01-05,
KULM-sky,DXBA-sky,2021-01-06,
KULM-sky,DXBA-sky,2021-01-07,
KULM-sky,DXBA-sky,2021-01-08,289
KULM-sky,DXBA-sky,2021-01-09,285
KULM-sky,DXBA-sky,2021-01-10,249
KULM-sky,DXBA-sky,2021-01-11,
KULM-sky,DXBA-sky,2021-01-12,
KULM-sky,DXBA-sky,2021-01-13,
KULM-sky,DXBA-sky,2021-01-14,
KULM-sky,DXBA-sky,2021-01-15,
KULM-sky,DXBA-sky,2021-01-16,
KULM-sky,DXBA-sky,2021-01-17,
KULM-sky,DXBA-sky,2021-01-18,
KULM-sky,DXBA-sky,2021-01-19,
KULM-sky,DXBA-sky,2021-01-20,
KULM-sky,DXBA-sky,2021-01-21,
KULM-sky,DXBA-sky,2021-01-22,
KULM-sky,DXBA-sky,2021-01-23,
KULM-sky,DXBA-sky,2021-01-24,
KULM-sky,DXBA-sky,2021-01-25,
KULM-sky,DXBA-sky,2021-01-26,
KULM-sky,DXBA-sky,2021-01-27,
KULM-sky,DXBA-sky,2021-01-28,
KULM-sky,DXBA-sky,2021-01-29,
KULM-sky,DXBA-sky,2021-01-30,247
KULM-sky,DXBA-sky,2021-01-31,
ISTA-sky,DXBA-sky,2021-01-01,176
ISTA-sky,DXBA-sky,2021-01-02,252
ISTA-sky,DXBA-sky,2021-01-03,217
ISTA-sky,DXBA-sky,2021-01-04,176
ISTA-sky,DXBA-sky,2021-01-05,159
ISTA-sky,DXBA-sky,2021-01-06,138
ISTA-sky,DXBA-sky,2021-01-07,182
ISTA-sky,DXBA-sky,2021-01-08,160
ISTA-sky,DXBA-sky,2021-01-09,141
ISTA-sky,DXBA-sky,2021-01-10,137
ISTA-sky,DXBA-sky,2021-01-11,110
ISTA-sky,DXBA-sky,2021-01-12,119
ISTA-sky,DXBA-sky,2021-01-13,119
ISTA-sky,DXBA-sky,2021-01-14,122
ISTA-sky,DXBA-sky,2021-01-15,140
ISTA-sky,DXBA-sky,2021-01-16,95
ISTA-sky,DXBA-sky,2021-01-17,119
ISTA-sky,DXBA-sky,2021-01-18,122
ISTA-sky,DXBA-sky,2021-01-19,120
ISTA-sky,DXBA-sky,2021-01-20,114
ISTA-sky,DXBA-sky,2021-01-21,102
ISTA-sky,DXBA-sky,2021-01-22,122
ISTA-sky,DXBA-sky,2021-01-23,106
ISTA-sky,DXBA-sky,2021-01-24,114
ISTA-sky,DXBA-sky,2021-01-25,103
ISTA-sky,DXBA-sky,2021-01-26,137
ISTA-sky,DXBA-sky,2021-01-27,137
ISTA-sky,DXBA-sky,2021-01-28,137
ISTA-sky,DXBA-sky,2021-01-29,176
ISTA-sky,DXBA-sky,2021-01-30,138
ISTA-sky,DXBA-sky,2021-01-31,116
HKGA-sky,NYCA-sky,2021-01-01,696
HKGA-sky,NYCA-sky,2021-01-02,548
HKGA-sky,NYCA-sky,2021-01-03,689
HKGA-sky,NYCA-sky,2021-01-04,645
HKGA-sky,NYCA-sky,2021-01-05,511
HKGA-sky,NYCA-sky,2021-01-06,651
HKGA-sky,NYCA-sky,2021-01-07,521
HKGA-sky,NYCA-sky,2021-01-08,538
HKGA-sky,NYCA-sky,2021-01-09,490
HKGA-sky,NYCA-sky,2021-01-10,493
HKGA-sky,NYCA-sky,2021-01-11,480
HKGA-sky,NYCA-sky,2021-01-12,
HKGA-sky,NYCA-sky,2021-01-13,
HKGA-sky,NYCA-sky,2021-01-14,652
HKGA-sky,NYCA-sky,2021-01-15,535
HKGA-sky,NYCA-sky,2021-01-16,518
HKGA-sky,NYCA-sky,2021-01-17,729
HKGA-sky,NYCA-sky,2021-01-18,454
HKGA-sky,NYCA-sky,2021-01-19,489
HKGA-sky,NYCA-sky,2021-01-20,489
HKGA-sky,NYCA-sky,2021-01-21,651
HKGA-sky,NYCA-sky,2021-01-22,
HKGA-sky,NYCA-sky,2021-01-23,
HKGA-sky,NYCA-sky,2021-01-24,729
HKGA-sky,NYCA-sky,2021-01-25,451
HKGA-sky,NYCA-sky,2021-01-26,607
HKGA-sky,NYCA-sky,2021-01-27,579
HKGA-sky,NYCA-sky,2021-01-28,606
HKGA-sky,NYCA-sky,2021-01-29,
HKGA-sky,NYCA-sky,2021-01-30,
HKGA-sky,NYCA-sky,2021-01-31,653
BKKT-sky,NYCA-sky,2021-01-01,534
BKKT-sky,NYCA-sky,2021-01-02,563
BKKT-sky,NYCA-sky,2021-01-03,535
BKKT-sky,NYCA-sky,2021-01-04,645
BKKT-sky,NYCA-sky,2021-01-05,539
BKKT-sky,NYCA-sky,2021-01-06,536
BKKT-sky,NYCA-sky,2021-01-07,428
BKKT-sky,NYCA-sky,2021-01-08,700
BKKT-sky,NYCA-sky,2021-01-09,
BKKT-sky,NYCA-sky,2021-01-10,701
BKKT-sky,NYCA-sky,2021-01-11,431
BKKT-sky,NYCA-sky,2021-01-12,630
BKKT-sky,NYCA-sky,2021-01-13,577
BKKT-sky,NYCA-sky,2021-01-14,435
BKKT-sky,NYCA-sky,2021-01-15,628
BKKT-sky,NYCA-sky,2021-01-16,507
BKKT-sky,NYCA-sky,2021-01-17,687
BKKT-sky,NYCA-sky,2021-01-18,428
BKKT-sky,NYCA-sky,2021-01-19,591
BKKT-sky,NYCA-sky,2021-01-20,567
BKKT-sky,NYCA-sky,2021-01-21,430
BKKT-sky,NYCA-sky,2021-01-22,700
BKKT-sky,NYCA-sky,2021-01-23,462
BKKT-sky,NYCA-sky,2021-01-24,687
BKKT-sky,NYCA-sky,2021-01-25,
BKKT-sky,NYCA-sky,2021-01-26,
BKKT-sky,NYCA-sky,2021-01-27,646
BKKT-sky,NYCA-sky,2021-01-28,431
BKKT-sky,NYCA-sky,2021-01-29,701
BKKT-sky,NYCA-sky,2021-01-30,506
BKKT-sky,NYCA-sky,2021-01-31,479
LOND-sky,NYCA-sky,2021-01-01,180
LOND-sky,NYCA-sky,2021-01-02,255
LOND-sky,NYCA-sky,2021-01-03,252
LOND-sky,NYCA-sky,2021-01-04,163
LOND-sky,NYCA-sky,2021-01-05,163
LOND-sky,NYCA-sky,2021-01-06,209
LOND-sky,NYCA-sky,2021-01-07,222
LOND-sky,NYCA-sky,2021-01-08,162
LOND-sky,NYCA-sky,2021-01-09,226
LOND-sky,NYCA-sky,2021-01-10,184
LOND-sky,NYCA-sky,2021-01-11,210
LOND-sky,NYCA-sky,2021-01-12,197
LOND-sky,NYCA-sky,2021-01-13,165
LOND-sky,NYCA-sky,2021-01-14,208
LOND-sky,NYCA-sky,2021-01-15,161
LOND-sky,NYCA-sky,2021-01-16,226
LOND-sky,NYCA-sky,2021-01-17,187
LOND-sky,NYCA-sky,2021-01-18,360
LOND-sky,NYCA-sky,2021-01-19,205
LOND-sky,NYCA-sky,2021-01-20,203
LOND-sky,NYCA-sky,2021-01-21,270
LOND-sky,NYCA-sky,2021-01-22,412
LOND-sky,NYCA-sky,2021-01-23,186
LOND-sky,NYCA-sky,2021-01-24,360
LOND-sky,NYCA-sky,2021-01-25,201
LOND-sky,NYCA-sky,2021-01-26,201
LOND-sky,NYCA-sky,2021-01-27,360
LOND-sky,NYCA-sky,2021-01-28,171
LOND-sky,NYCA-sky,2021-01-29,162
LOND-sky,NYCA-sky,2021-01-30,188
LOND-sky,NYCA-sky,2021-01-31,183
SINS-sky,NYCA-sky,2021-01-01,518
SINS-sky,NYCA-sky,2021-01-02,496
SINS-sky,NYCA-sky,2021-01-03,723
SINS-sky,NYCA-sky,2021-01-04,430
SINS-sky,NYCA-sky,2021-01-05,723
SINS-sky,NYCA-sky,2021-01-06,
SINS-sky,NYCA-sky,2021-01-07,
SINS-sky,NYCA-sky,2021-01-08,
SINS-sky,NYCA-sky,2021-01-09,495
SINS-sky,NYCA-sky,2021-01-10,
SINS-sky,NYCA-sky,2021-01-11,
SINS-sky,NYCA-sky,2021-01-12,724
SINS-sky,NYCA-sky,2021-01-13,430
SINS-sky,NYCA-sky,2021-01-14,724
SINS-sky,NYCA-sky,2021-01-15,
SINS-sky,NYCA-sky,2021-01-16,
SINS-sky,NYCA-sky,2021-01-17,448
SINS-sky,NYCA-sky,2021-01-18,
SINS-sky,NYCA-sky,2021-01-19,
SINS-sky,NYCA-sky,2021-01-20,
SINS-sky,NYCA-sky,2021-01-21,
SINS-sky,NYCA-sky,2021-01-22,
SINS-sky,NYCA-sky,2021-01-23,
SINS-sky,NYCA-sky,2021-01-24,
SINS-sky,NYCA-sky,2021-01-25,
SINS-sky,NYCA-sky,2021-01-26,447
SINS-sky,NYCA-sky,2021-01-27,
SINS-sky,NYCA-sky,2021-01-28,
SINS-sky,NYCA-sky,2021-01-29,
SINS-sky,NYCA-sky,2021-01-30,
SINS-sky,NYCA-sky,2021-01-31,
PARI-sky,NYCA-sky,2021-01-01,278
PARI-sky,NYCA-sky,2021-01-02,216
PARI-sky,NYCA-sky,2021-01-03,166
PARI-sky,NYCA-sky,2021-01-04,170
PARI-sky,NYCA-sky,2021-01-05,183
PARI-sky,NYCA-sky,2021-01-06,231
PARI-sky,NYCA-sky,2021-01-07,187
PARI-sky,NYCA-sky,2021-01-08,201
PARI-sky,NYCA-sky,2021-01-09,183
PARI-sky,NYCA-sky,2021-01-10,166
PARI-sky,NYCA-sky,2021-01-11,231
PARI-sky,NYCA-sky,2021-01-12,209
PARI-sky,NYCA-sky,2021-01-13,188
PARI-sky,NYCA-sky,2021-01-14,183
PARI-sky,NYCA-sky,2021-01-15,166
PARI-sky,NYCA-sky,2021-01-16,167
PARI-sky,NYCA-sky,2021-01-17,167
PARI-sky,NYCA-sky,2021-01-18,231
PARI-sky,NYCA-sky,2021-01-19,187
PARI-sky,NYCA-sky,2021-01-20,231
PARI-sky,NYCA-sky,2021-01-21,209
PARI-sky,NYCA-sky,2021-01-22,182
PARI-sky,NYCA-sky,2021-01-23,178
PARI-sky,NYCA-sky,2021-01-24,167
PARI-sky,NYCA-sky,2021-01-25,188
PARI-sky,NYCA-sky,2021-01-26,232
PARI-sky,NYCA-sky,2021-01-27,
PARI-sky,NYCA-sky,2021-01-28,182
PARI-sky,NYCA-sky,2021-01-29,165
PARI-sky,NYCA-sky,2021-01-30,231
PARI-sky,NYCA-sky,2021-01-31,232
DXBA-sky,NYCA-sky,2021-01-01,611
DXBA-sky,NYCA-sky,2021-01-02,598
DXBA-sky,NYCA-sky,2021-01-03,560
DXBA-sky,NYCA-sky,2021-01-04,538
DXBA-sky,NYCA-sky,2021-01-05,509
DXBA-sky,NYCA-sky,2021-01-06,468
DXBA-sky,NYCA-sky,2021-01-07,637
DXBA-sky,NYCA-sky,2021-01-08,505
DXBA-sky,NYCA-sky,2021-01-09,445
DXBA-sky,NYCA-sky,2021-01-10,460
DXBA-sky,NYCA-sky,2021-01-11,458
DXBA-sky,NYCA-sky,2021-01-12,656
DXBA-sky,NYCA-sky,2021-01-13,416
DXBA-sky,NYCA-sky,2021-01-14,639
DXBA-sky,NYCA-sky,2021-01-15,639
DXBA-sky,NYCA-sky,2021-01-16,465
DXBA-sky,NYCA-sky,2021-01-17,620
DXBA-sky,NYCA-sky,2021-01-18,464
DXBA-sky,NYCA-sky,2021-01-19,594
DXBA-sky,NYCA-sky,2021-01-20,
DXBA-sky,NYCA-sky,2021-01-21,
DXBA-sky,NYCA-sky,2021-01-22,
DXBA-sky,NYCA-sky,2021-01-23,
DXBA-sky,NYCA-sky,2021-01-24,
DXBA-sky,NYCA-sky,2021-01-25,
DXBA-sky,NYCA-sky,2021-01-26,473
DXBA-sky,NYCA-sky,2021-01-27,639
DXBA-sky,NYCA-sky,2021-01-28,425
DXBA-sky,NYCA-sky,2021-01-29,639
DXBA-sky,NYCA-sky,2021-01-30,464
DXBA-sky,NYCA-sky,2021-01-31,594
KULM-sky,NYCA-sky,2021-01-01,548
KULM-sky,NYCA-sky,2021-01-02,477
KULM-sky,NYCA-sky,2021-01-03,
KULM-sky,NYCA-sky,2021-01-04,
KULM-sky,NYCA-sky,2021-01-05,585
KULM-sky,NYCA-sky,2021-01-06,458
KULM-sky,NYCA-sky,2021-01-07,701
KULM-sky,NYCA-sky,2021-01-08,
KULM-sky,NYCA-sky,2021-01-09,
KULM-sky,NYCA-sky,2021-01-10,
KULM-sky,NYCA-sky,2021-01-11,
KULM-sky,NYCA-sky,2021-01-12,
KULM-sky,NYCA-sky,2021-01-13,
KULM-sky,NYCA-sky,2021-01-14,
KULM-sky,NYCA-sky,2021-01-15,
KULM-sky,NYCA-sky,2021-01-16,
KULM-sky,NYCA-sky,2021-01-17,
KULM-sky,NYCA-sky,2021-01-18,
KULM-sky,NYCA-sky,2021-01-19,
KULM-sky,NYCA-sky,2021-01-20,
KULM-sky,NYCA-sky,2021-01-21,
KULM-sky,NYCA-sky,2021-01-22,
KULM-sky,NYCA-sky,2021-01-23,
KULM-sky,NYCA-sky,2021-01-24,
KULM-sky,NYCA-sky,2021-01-25,
KULM-sky,NYCA-sky,2021-01-26,
KULM-sky,NYCA-sky,2021-01-27,
KULM-sky,NYCA-sky,2021-01-28,
KULM-sky,NYCA-sky,2021-01-29,
KULM-sky,NYCA-sky,2021-01-30,
KULM-sky,NYCA-sky,2021-01-31,
ISTA-sky,NYCA-sky,2021-01-01,296
ISTA-sky,NYCA-sky,2021-01-02,279
ISTA-sky,NYCA-sky,2021-01-03,308
ISTA-sky,NYCA-sky,2021-01-04,294
ISTA-sky,NYCA-sky,2021-01-05,286
ISTA-sky,NYCA-sky,2021-01-06,307
ISTA-sky,NYCA-sky,2021-01-07,273
ISTA-sky,NYCA-sky,2021-01-08,285
ISTA-sky,NYCA-sky,2021-01-09,261
ISTA-sky,NYCA-sky,2021-01-10,252
ISTA-sky,NYCA-sky,2021-01-11,252
ISTA-sky,NYCA-sky,2021-01-12,299
ISTA-sky,NYCA-sky,2021-01-13,301
ISTA-sky,NYCA-sky,2021-01-14,253
ISTA-sky,NYCA-sky,2021-01-15,252
ISTA-sky,NYCA-sky,2021-01-16,253
ISTA-sky,NYCA-sky,2021-01-17,282
ISTA-sky,NYCA-sky,2021-01-18,283
ISTA-sky,NYCA-sky,2021-01-19,258
ISTA-sky,NYCA-sky,2021-01-20,257
ISTA-sky,NYCA-sky,2021-01-21,300
ISTA-sky,NYCA-sky,2021-01-22,262
ISTA-sky,NYCA-sky,2021-01-23,301
ISTA-sky,NYCA-sky,2021-01-24,258
ISTA-sky,NYCA-sky,2021-01-25,282
ISTA-sky,NYCA-sky,2021-01-26,260
ISTA-sky,NYCA-sky,2021-01-27,
ISTA-sky,NYCA-sky,2021-01-28,314
ISTA-sky,NYCA-sky,2021-01-29,326
ISTA-sky,NYCA-sky,2021-01-30,654
ISTA-sky,NYCA-sky,2021-01-31,301
HKGA-sky,KULM-sky,2021-01-01,251
HKGA-sky,KULM-sky,2021-01-02,309
HKGA-sky,KULM-sky,2021-01-03,144
HKGA-sky,KULM-sky,2021-01-04,141
HKGA-sky,KULM-sky,2021-01-05,147
HKGA-sky,KULM-sky,2021-01-06,159
HKGA-sky,KULM-sky,2021-01-07,309
HKGA-sky,KULM-sky,2021-01-08,226
HKGA-sky,KULM-sky,2021-01-09,159
HKGA-sky,KULM-sky,2021-01-10,147
HKGA-sky,KULM-sky,2021-01-11,119
HKGA-sky,KULM-sky,2021-01-12,
HKGA-sky,KULM-sky,2021-01-13,128
HKGA-sky,KULM-sky,2021-01-14,
HKGA-sky,KULM-sky,2021-01-15,119
HKGA-sky,KULM-sky,2021-01-16,
HKGA-sky,KULM-sky,2021-01-17,
HKGA-sky,KULM-sky,2021-01-18,309
HKGA-sky,KULM-sky,2021-01-19,227
HKGA-sky,KULM-sky,2021-01-20,
HKGA-sky,KULM-sky,2021-01-21,
HKGA-sky,KULM-sky,2021-01-22,
HKGA-sky,KULM-sky,2021-01-23,
HKGA-sky,KULM-sky,2021-01-24,
HKGA-sky,KULM-sky,2021-01-25,273
HKGA-sky,KULM-sky,2021-01-26,
HKGA-sky,KULM-sky,2021-01-27,
HKGA-sky,KULM-sky,2021-01-28,
HKGA-sky,KULM-sky,2021-01-29,
HKGA-sky,KULM-sky,2021-01-30,
HKGA-sky,KULM-sky,2021-01-31,
BKKT-sky,KULM-sky,2021-01-01,158
BKKT-sky,KULM-sky,2021-01-02,
BKKT-sky,KULM-sky,2021-01-03,158
BKKT-sky,KULM-sky,2021-01-04,158
BKKT-sky,KULM-sky,2021-01-05,158
BKKT-sky,KULM-sky,2021-01-06,
BKKT-sky,KULM-sky,2021-01-07,
BKKT-sky,KULM-sky,2021-01-08,
BKKT-sky,KULM-sky,2021-01-09,81
BKKT-sky,KULM-sky,2021-01-10,
BKKT-sky,KULM-sky,2021-01-11,162
BKKT-sky,KULM-sky,2021-01-12,
BKKT-sky,KULM-sky,2021-01-13,81
BKKT-sky,KULM-sky,2021-01-14,80
BKKT-sky,KULM-sky,2021-01-15,
BKKT-sky,KULM-sky,2021-01-16,158
BKKT-sky,KULM-sky,2021-01-17,
BKKT-sky,KULM-sky,2021-01-18,
BKKT-sky,KULM-sky,2021-01-19,
BKKT-sky,KULM-sky,2021-01-20,
BKKT-sky,KULM-sky,2021-01-21,61
BKKT-sky,KULM-sky,2021-01-22,
BKKT-sky,KULM-sky,2021-01-23,
BKKT-sky,KULM-sky,2021-01-24,
BKKT-sky,KULM-sky,2021-01-25,
BKKT-sky,KULM-sky,2021-01-26,
BKKT-sky,KULM-sky,2021-01-27,46
BKKT-sky,KULM-sky,2021-01-28,58
BKKT-sky,KULM-sky,2021-01-29,
BKKT-sky,KULM-sky,2021-01-30,
BKKT-sky,KULM-sky,2021-01-31,
LOND-sky,KULM-sky,2021-01-01,375
LOND-sky,KULM-sky,2021-01-02,375
LOND-sky,KULM-sky,2021-01-03,437
LOND-sky,KULM-sky,2021-01-04,344
LOND-sky,KULM-sky,2021-01-05,343
LOND-sky,KULM-sky,2021-01-06,343
LOND-sky,KULM-sky,2021-01-07,357
LOND-sky,KULM-sky,2021-01-08,376
LOND-sky,KULM-sky,2021-01-09,420
LOND-sky,KULM-sky,2021-01-10,343
LOND-sky,KULM-sky,2021-01-11,343
LOND-sky,KULM-sky,2021-01-12,343
LOND-sky,KULM-sky,2021-01-13,343
LOND-sky,KULM-sky,2021-01-14,343
LOND-sky,KULM-sky,2021-01-15,367
LOND-sky,KULM-sky,2021-01-16,
LOND-sky,KULM-sky,2021-01-17,
LOND-sky,KULM-sky,2021-01-18,343
LOND-sky,KULM-sky,2021-01-19,342
LOND-sky,KULM-sky,2021-01-20,327
LOND-sky,KULM-sky,2021-01-21,342
LOND-sky,KULM-sky,2021-01-22,
LOND-sky,KULM-sky,2021-01-23,362
LOND-sky,KULM-sky,2021-01-24,
LOND-sky,KULM-sky,2021-01-25,343
LOND-sky,KULM-sky,2021-01-26,
LOND-sky,KULM-sky,2021-01-27,
LOND-sky,KULM-sky,2021-01-28,
LOND-sky,KULM-sky,2021-01-29,367
LOND-sky,KULM-sky,2021-01-30,
LOND-sky,KULM-sky,2021-01-31,343
SINS-sky,KULM-sky,2021-01-01,35
SINS-sky,KULM-sky,2021-01-02,35
SINS-sky,KULM-sky,2021-01-03,46
SINS-sky,KULM-sky,2021-01-04,35
SINS-sky,KULM-sky,2021-01-05,46
SINS-sky,KULM-sky,2021-01-06,46
SINS-sky,KULM-sky,2021-01-07,
SINS-sky,KULM-sky,2021-01-08,46
SINS-sky,KULM-sky,2021-01-09,47
SINS-sky,KULM-sky,2021-01-10,27
SINS-sky,KULM-sky,2021-01-11,46
SINS-sky,KULM-sky,2021-01-12,
SINS-sky,KULM-sky,2021-01-13,46
SINS-sky,KULM-sky,2021-01-14,37
SINS-sky,KULM-sky,2021-01-15,47
SINS-sky,KULM-sky,2021-01-16,46
SINS-sky,KULM-sky,2021-01-17,46
SINS-sky,KULM-sky,2021-01-18,
SINS-sky,KULM-sky,2021-01-19,
SINS-sky,KULM-sky,2021-01-20,
SINS-sky,KULM-sky,2021-01-21,46
SINS-sky,KULM-sky,2021-01-22,46
SINS-sky,KULM-sky,2021-01-23,
SINS-sky,KULM-sky,2021-01-24,46
SINS-sky,KULM-sky,2021-01-25,
SINS-sky,KULM-sky,2021-01-26,44
SINS-sky,KULM-sky,2021-01-27,
SINS-sky,KULM-sky,2021-01-28,
SINS-sky,KULM-sky,2021-01-29,59
SINS-sky,KULM-sky,2021-01-30,46
SINS-sky,KULM-sky,2021-01-31,46
PARI-sky,KULM-sky,2021-01-01,
PARI-sky,KULM-sky,2021-01-02,
PARI-sky,KULM-sky,2021-01-03,393
PARI-sky,KULM-sky,2021-01-04,
PARI-sky,KULM-sky,2021-01-05,
PARI-sky,KULM-sky,2021-01-06,
PARI-sky,KULM-sky,2021-01-07,
PARI-sky,KULM-sky,2021-01-08,
PARI-sky,KULM-sky,2021-01-09,
PARI-sky,KULM-sky,2021-01-10,
PARI-sky,KULM-sky,2021-01-11,
PARI-sky,KULM-sky,2021-01-12,
PARI-sky,KULM-sky,2021-01-13,
PARI-sky,KULM-sky,2021-01-14,
PARI-sky,KULM-sky,2021-01-15,
PARI-sky,KULM-sky,2021-01-16,405
PARI-sky,KULM-sky,2021-01-17,
PARI-sky,KULM-sky,2021-01-18,
PARI-sky,KULM-sky,2021-01-19,
PARI-sky,KULM-sky,2021-01-20,
PARI-sky,KULM-sky,2021-01-21,394
PARI-sky,KULM-sky,2021-01-22,
PARI-sky,KULM-sky,2021-01-23,
PARI-sky,KULM-sky,2021-01-24,
PARI-sky,KULM-sky,2021-01-25,
PARI-sky,KULM-sky,2021-01-26,
PARI-sky,KULM-sky,2021-01-27,
PARI-sky,KULM-sky,2021-01-28,394
PARI-sky,KULM-sky,2021-01-29,
PARI-sky,KULM-sky,2021-01-30,
PARI-sky,KULM-sky,2021-01-31,
DXBA-sky,KULM-sky,2021-01-01,237
DXBA-sky,KULM-sky,2021-01-02,
DXBA-sky,KULM-sky,2021-01-03,
DXBA-sky,KULM-sky,2021-01-04,
DXBA-sky,KULM-sky,2021-01-05,
DXBA-sky,KULM-sky,2021-01-06,
DXBA-sky,KULM-sky,2021-01-07,
DXBA-sky,KULM-sky,2021-01-08,267
DXBA-sky,KULM-sky,2021-01-09,275
DXBA-sky,KULM-sky,2021-01-10,
DXBA-sky,KULM-sky,2021-01-11,
DXBA-sky,KULM-sky,2021-01-12,
DXBA-sky,KULM-sky,2021-01-13,
DXBA-sky,KULM-sky,2021-01-14,
DXBA-sky,KULM-sky,2021-01-15,267
DXBA-sky,KULM-sky,2021-01-16,
DXBA-sky,KULM-sky,2021-01-17,
DXBA-sky,KULM-sky,2021-01-18,
DXBA-sky,KULM-sky,2021-01-19,
DXBA-sky,KULM-sky,2021-01-20,254
DXBA-sky,KULM-sky,2021-01-21,
DXBA-sky,KULM-sky,2021-01-22,
DXBA-sky,KULM-sky,2021-01-23,
DXBA-sky,KULM-sky,2021-01-24,
DXBA-sky,KULM-sky,2021-01-25,
DXBA-sky,KULM-sky,2021-01-26,
DXBA-sky,KULM-sky,2021-01-27,
DXBA-sky,KULM-sky,2021-01-28,
DXBA-sky,KULM-sky,2021-01-29,
DXBA-sky,KULM-sky,2021-01-30,
DXBA-sky,KULM-sky,2021-01-31,
NYCA-sky,KULM-sky,2021-01-01,
NYCA-sky,KULM-sky,2021-01-02,
NYCA-sky,KULM-sky,2021-01-03,827
NYCA-sky,KULM-sky,2021-01-04,
NYCA-sky,KULM-sky,2021-01-05,
NYCA-sky,KULM-sky,2021-01-06,
NYCA-sky,KULM-sky,2021-01-07,
NYCA-sky,KULM-sky,2021-01-08,
NYCA-sky,KULM-sky,2021-01-09,
NYCA-sky,KULM-sky,2021-01-10,
NYCA-sky,KULM-sky,2021-01-11,
NYCA-sky,KULM-sky,2021-01-12,
NYCA-sky,KULM-sky,2021-01-13,
NYCA-sky,KULM-sky,2021-01-14,
NYCA-sky,KULM-sky,2021-01-15,
NYCA-sky,KULM-sky,2021-01-16,
NYCA-sky,KULM-sky,2021-01-17,634
NYCA-sky,KULM-sky,2021-01-18,
NYCA-sky,KULM-sky,2021-01-19,
NYCA-sky,KULM-sky,2021-01-20,
NYCA-sky,KULM-sky,2021-01-21,
NYCA-sky,KULM-sky,2021-01-22,
NYCA-sky,KULM-sky,2021-01-23,
NYCA-sky,KULM-sky,2021-01-24,
NYCA-sky,KULM-sky,2021-01-25,
NYCA-sky,KULM-sky,2021-01-26,
NYCA-sky,KULM-sky,2021-01-27,
NYCA-sky,KULM-sky,2021-01-28,
NYCA-sky,KULM-sky,2021-01-29,
NYCA-sky,KULM-sky,2021-01-30,634
NYCA-sky,KULM-sky,2021-01-31,
ISTA-sky,KULM-sky,2021-01-01,500
ISTA-sky,KULM-sky,2021-01-02,499
ISTA-sky,KULM-sky,2021-01-03,
ISTA-sky,KULM-sky,2021-01-04,
ISTA-sky,KULM-sky,2021-01-05,
ISTA-sky,KULM-sky,2021-01-06,477
ISTA-sky,KULM-sky,2021-01-07,403
ISTA-sky,KULM-sky,2021-01-08,499
ISTA-sky,KULM-sky,2021-01-09,443
ISTA-sky,KULM-sky,2021-01-10,476
ISTA-sky,KULM-sky,2021-01-11,477
ISTA-sky,KULM-sky,2021-01-12,
ISTA-sky,KULM-sky,2021-01-13,
ISTA-sky,KULM-sky,2021-01-14,
ISTA-sky,KULM-sky,2021-01-15,500
ISTA-sky,KULM-sky,2021-01-16,389
ISTA-sky,KULM-sky,2021-01-17,476
ISTA-sky,KULM-sky,2021-01-18,476
ISTA-sky,KULM-sky,2021-01-19,
ISTA-sky,KULM-sky,2021-01-20,371
ISTA-sky,KULM-sky,2021-01-21,395
ISTA-sky,KULM-sky,2021-01-22,
ISTA-sky,KULM-sky,2021-01-23,
ISTA-sky,KULM-sky,2021-01-24,
ISTA-sky,KULM-sky,2021-01-25,
ISTA-sky,KULM-sky,2021-01-26,477
ISTA-sky,KULM-sky,2021-01-27,
ISTA-sky,KULM-sky,2021-01-28,
ISTA-sky,KULM-sky,2021-01-29,500
ISTA-sky,KULM-sky,2021-01-30,
ISTA-sky,KULM-sky,2021-01-31,379
HKGA-sky,ISTA-sky,2021-01-01,
HKGA-sky,ISTA-sky,2021-01-02,528
HKGA-sky,ISTA-sky,2021-01-03,
HKGA-sky,ISTA-sky,2021-01-04,627
HKGA-sky,ISTA-sky,2021-01-05,415
HKGA-sky,ISTA-sky,2021-01-06,
HKGA-sky,ISTA-sky,2021-01-07,465
HKGA-sky,ISTA-sky,2021-01-08,
HKGA-sky,ISTA-sky,2021-01-09,466
HKGA-sky,ISTA-sky,2021-01-10,
HKGA-sky,ISTA-sky,2021-01-11,442
HKGA-sky,ISTA-sky,2021-01-12,
HKGA-sky,ISTA-sky,2021-01-13,
HKGA-sky,ISTA-sky,2021-01-14,
HKGA-sky,ISTA-sky,2021-01-15,
HKGA-sky,ISTA-sky,2021-01-16,
HKGA-sky,ISTA-sky,2021-01-17,
HKGA-sky,ISTA-sky,2021-01-18,630
HKGA-sky,ISTA-sky,2021-01-19,
HKGA-sky,ISTA-sky,2021-01-20,
HKGA-sky,ISTA-sky,2021-01-21,
HKGA-sky,ISTA-sky,2021-01-22,
HKGA-sky,ISTA-sky,2021-01-23,490
HKGA-sky,ISTA-sky,2021-01-24,
HKGA-sky,ISTA-sky,2021-01-25,
HKGA-sky,ISTA-sky,2021-01-26,
HKGA-sky,ISTA-sky,2021-01-27,
HKGA-sky,ISTA-sky,2021-01-28,
HKGA-sky,ISTA-sky,2021-01-29,
HKGA-sky,ISTA-sky,2021-01-30,
HKGA-sky,ISTA-sky,2021-01-31,
BKKT-sky,ISTA-sky,2021-01-01,398
BKKT-sky,ISTA-sky,2021-01-02,417
BKKT-sky,ISTA-sky,2021-01-03,405
BKKT-sky,ISTA-sky,2021-01-04,368
BKKT-sky,ISTA-sky,2021-01-05,364
BKKT-sky,ISTA-sky,2021-01-06,344
BKKT-sky,ISTA-sky,2021-01-07,387
BKKT-sky,ISTA-sky,2021-01-08,344
BKKT-sky,ISTA-sky,2021-01-09,397
BKKT-sky,ISTA-sky,2021-01-10,385
BKKT-sky,ISTA-sky,2021-01-11,
BKKT-sky,ISTA-sky,2021-01-12,404
BKKT-sky,ISTA-sky,2021-01-13,370
BKKT-sky,ISTA-sky,2021-01-14,363
BKKT-sky,ISTA-sky,2021-01-15,395
BKKT-sky,ISTA-sky,2021-01-16,364
BKKT-sky,ISTA-sky,2021-01-17,
BKKT-sky,ISTA-sky,2021-01-18,362
BKKT-sky,ISTA-sky,2021-01-19,355
BKKT-sky,ISTA-sky,2021-01-20,355
BKKT-sky,ISTA-sky,2021-01-21,355
BKKT-sky,ISTA-sky,2021-01-22,354
BKKT-sky,ISTA-sky,2021-01-23,348
BKKT-sky,ISTA-sky,2021-01-24,349
BKKT-sky,ISTA-sky,2021-01-25,351
BKKT-sky,ISTA-sky,2021-01-26,355
BKKT-sky,ISTA-sky,2021-01-27,397
BKKT-sky,ISTA-sky,2021-01-28,380
BKKT-sky,ISTA-sky,2021-01-29,399
BKKT-sky,ISTA-sky,2021-01-30,341
BKKT-sky,ISTA-sky,2021-01-31,
LOND-sky,ISTA-sky,2021-01-01,94
LOND-sky,ISTA-sky,2021-01-02,112
LOND-sky,ISTA-sky,2021-01-03,86
LOND-sky,ISTA-sky,2021-01-04,103
LOND-sky,ISTA-sky,2021-01-05,80
LOND-sky,ISTA-sky,2021-01-06,54
LOND-sky,ISTA-sky,2021-01-07,51
LOND-sky,ISTA-sky,2021-01-08,49
LOND-sky,ISTA-sky,2021-01-09,61
LOND-sky,ISTA-sky,2021-01-10,54
LOND-sky,ISTA-sky,2021-01-11,48
LOND-sky,ISTA-sky,2021-01-12,46
LOND-sky,ISTA-sky,2021-01-13,48
LOND-sky,ISTA-sky,2021-01-14,44
LOND-sky,ISTA-sky,2021-01-15,41
LOND-sky,ISTA-sky,2021-01-16,41
LOND-sky,ISTA-sky,2021-01-17,41
LOND-sky,ISTA-sky,2021-01-18,47
LOND-sky,ISTA-sky,2021-01-19,41
LOND-sky,ISTA-sky,2021-01-20,48
LOND-sky,ISTA-sky,2021-01-21,44
LOND-sky,ISTA-sky,2021-01-22,40
LOND-sky,ISTA-sky,2021-01-23,47
LOND-sky,ISTA-sky,2021-01-24,48
LOND-sky,ISTA-sky,2021-01-25,
LOND-sky,ISTA-sky,2021-01-26,
LOND-sky,ISTA-sky,2021-01-27,41
LOND-sky,ISTA-sky,2021-01-28,44
LOND-sky,ISTA-sky,2021-01-29,40
LOND-sky,ISTA-sky,2021-01-30,41
LOND-sky,ISTA-sky,2021-01-31,47
SINS-sky,ISTA-sky,2021-01-01,
SINS-sky,ISTA-sky,2021-01-02,
SINS-sky,ISTA-sky,2021-01-03,
SINS-sky,ISTA-sky,2021-01-04,
SINS-sky,ISTA-sky,2021-01-05,
SINS-sky,ISTA-sky,2021-01-06,488
SINS-sky,ISTA-sky,2021-01-07,486
SINS-sky,ISTA-sky,2021-01-08,
SINS-sky,ISTA-sky,2021-01-09,
SINS-sky,ISTA-sky,2021-01-10,
SINS-sky,ISTA-sky,2021-01-11,446
SINS-sky,ISTA-sky,2021-01-12,
SINS-sky,ISTA-sky,2021-01-13,
SINS-sky,ISTA-sky,2021-01-14,
SINS-sky,ISTA-sky,2021-01-15,446
SINS-sky,ISTA-sky,2021-01-16,
SINS-sky,ISTA-sky,2021-01-17,
SINS-sky,ISTA-sky,2021-01-18,
SINS-sky,ISTA-sky,2021-01-19,372
SINS-sky,ISTA-sky,2021-01-20,
SINS-sky,ISTA-sky,2021-01-21,363
SINS-sky,ISTA-sky,2021-01-22,362
SINS-sky,ISTA-sky,2021-01-23,361
SINS-sky,ISTA-sky,2021-01-24,
SINS-sky,ISTA-sky,2021-01-25,395
SINS-sky,ISTA-sky,2021-01-26,
SINS-sky,ISTA-sky,2021-01-27,447
SINS-sky,ISTA-sky,2021-01-28,
SINS-sky,ISTA-sky,2021-01-29,
SINS-sky,ISTA-sky,2021-01-30,398
SINS-sky,ISTA-sky,2021-01-31,333
PARI-sky,ISTA-sky,2021-01-01,86
PARI-sky,ISTA-sky,2021-01-02,138
PARI-sky,ISTA-sky,2021-01-03,107
PARI-sky,ISTA-sky,2021-01-04,107
PARI-sky,ISTA-sky,2021-01-05,115
PARI-sky,ISTA-sky,2021-01-06,104
PARI-sky,ISTA-sky,2021-01-07,115
PARI-sky,ISTA-sky,2021-01-08,95
PARI-sky,ISTA-sky,2021-01-09,79
PARI-sky,ISTA-sky,2021-01-10,
PARI-sky,ISTA-sky,2021-01-11,58
PARI-sky,ISTA-sky,2021-01-12,69
PARI-sky,ISTA-sky,2021-01-13,40
PARI-sky,ISTA-sky,2021-01-14,58
PARI-sky,ISTA-sky,2021-01-15,74
PARI-sky,ISTA-sky,2021-01-16,40
PARI-sky,ISTA-sky,2021-01-17,60
PARI-sky,ISTA-sky,2021-01-18,40
PARI-sky,ISTA-sky,2021-01-19,49
PARI-sky,ISTA-sky,2021-01-20,48
PARI-sky,ISTA-sky,2021-01-21,49
PARI-sky,ISTA-sky,2021-01-22,49
PARI-sky,ISTA-sky,2021-01-23,38
PARI-sky,ISTA-sky,2021-01-24,40
PARI-sky,ISTA-sky,2021-01-25,40
PARI-sky,ISTA-sky,2021-01-26,39
PARI-sky,ISTA-sky,2021-01-27,
PARI-sky,ISTA-sky,2021-01-28,49
PARI-sky,ISTA-sky,2021-01-29,40
PARI-sky,ISTA-sky,2021-01-30,49
PARI-sky,ISTA-sky,2021-01-31,49
DXBA-sky,ISTA-sky,2021-01-01,157
DXBA-sky,ISTA-sky,2021-01-02,165
DXBA-sky,ISTA-sky,2021-01-03,165
DXBA-sky,ISTA-sky,2021-01-04,125
DXBA-sky,ISTA-sky,2021-01-05,140
DXBA-sky,ISTA-sky,2021-01-06,105
DXBA-sky,ISTA-sky,2021-01-07,155
DXBA-sky,ISTA-sky,2021-01-08,117
DXBA-sky,ISTA-sky,2021-01-09,145
DXBA-sky,ISTA-sky,2021-01-10,146
DXBA-sky,ISTA-sky,2021-01-11,138
DXBA-sky,ISTA-sky,2021-01-12,148
DXBA-sky,ISTA-sky,2021-01-13,156
DXBA-sky,ISTA-sky,2021-01-14,160
DXBA-sky,ISTA-sky,2021-01-15,165
DXBA-sky,ISTA-sky,2021-01-16,194
DXBA-sky,ISTA-sky,2021-01-17,170
DXBA-sky,ISTA-sky,2021-01-18,140
DXBA-sky,ISTA-sky,2021-01-19,145
DXBA-sky,ISTA-sky,2021-01-20,125
DXBA-sky,ISTA-sky,2021-01-21,145
DXBA-sky,ISTA-sky,2021-01-22,165
DXBA-sky,ISTA-sky,2021-01-23,147
DXBA-sky,ISTA-sky,2021-01-24,145
DXBA-sky,ISTA-sky,2021-01-25,119
DXBA-sky,ISTA-sky,2021-01-26,188
DXBA-sky,ISTA-sky,2021-01-27,147
DXBA-sky,ISTA-sky,2021-01-28,148
DXBA-sky,ISTA-sky,2021-01-29,177
DXBA-sky,ISTA-sky,2021-01-30,160
DXBA-sky,ISTA-sky,2021-01-31,135
NYCA-sky,ISTA-sky,2021-01-01,314
NYCA-sky,ISTA-sky,2021-01-02,314
NYCA-sky,ISTA-sky,2021-01-03,253
NYCA-sky,ISTA-sky,2021-01-04,291
NYCA-sky,ISTA-sky,2021-01-05,308
NYCA-sky,ISTA-sky,2021-01-06,309
NYCA-sky,ISTA-sky,2021-01-07,272
NYCA-sky,ISTA-sky,2021-01-08,288
NYCA-sky,ISTA-sky,2021-01-09,308
NYCA-sky,ISTA-sky,2021-01-10,266
NYCA-sky,ISTA-sky,2021-01-11,279
NYCA-sky,ISTA-sky,2021-01-12,276
NYCA-sky,ISTA-sky,2021-01-13,255
NYCA-sky,ISTA-sky,2021-01-14,307
NYCA-sky,ISTA-sky,2021-01-15,233
NYCA-sky,ISTA-sky,2021-01-16,256
NYCA-sky,ISTA-sky,2021-01-17,233
NYCA-sky,ISTA-sky,2021-01-18,264
NYCA-sky,ISTA-sky,2021-01-19,260
NYCA-sky,ISTA-sky,2021-01-20,262
NYCA-sky,ISTA-sky,2021-01-21,221
NYCA-sky,ISTA-sky,2021-01-22,243
NYCA-sky,ISTA-sky,2021-01-23,255
NYCA-sky,ISTA-sky,2021-01-24,
NYCA-sky,ISTA-sky,2021-01-25,256
NYCA-sky,ISTA-sky,2021-01-26,
NYCA-sky,ISTA-sky,2021-01-27,257
NYCA-sky,ISTA-sky,2021-01-28,221
NYCA-sky,ISTA-sky,2021-01-29,256
NYCA-sky,ISTA-sky,2021-01-30,
NYCA-sky,ISTA-sky,2021-01-31,
KULM-sky,ISTA-sky,2021-01-01,437
KULM-sky,ISTA-sky,2021-01-02,436
KULM-sky,ISTA-sky,2021-01-03,361
KULM-sky,ISTA-sky,2021-01-04,441
KULM-sky,ISTA-sky,2021-01-05,
KULM-sky,ISTA-sky,2021-01-06,
KULM-sky,ISTA-sky,2021-01-07,358
KULM-sky,ISTA-sky,2021-01-08,418
KULM-sky,ISTA-sky,2021-01-09,
KULM-sky,ISTA-sky,2021-01-10,
KULM-sky,ISTA-sky,2021-01-11,
KULM-sky,ISTA-sky,2021-01-12,396
KULM-sky,ISTA-sky,2021-01-13,379
KULM-sky,ISTA-sky,2021-01-14,
KULM-sky,ISTA-sky,2021-01-15,
KULM-sky,ISTA-sky,2021-01-16,
KULM-sky,ISTA-sky,2021-01-17,349
KULM-sky,ISTA-sky,2021-01-18,331
KULM-sky,ISTA-sky,2021-01-19,342
KULM-sky,ISTA-sky,2021-01-20,349
KULM-sky,ISTA-sky,2021-01-21,358
KULM-sky,ISTA-sky,2021-01-22,437
KULM-sky,ISTA-sky,2021-01-23,
KULM-sky,ISTA-sky,2021-01-24,
KULM-sky,ISTA-sky,2021-01-25,361
KULM-sky,ISTA-sky,2021-01-26,
KULM-sky,ISTA-sky,2021-01-27,
KULM-sky,ISTA-sky,2021-01-28,360
KULM-sky,ISTA-sky,2021-01-29,
KULM-sky,ISTA-sky,2021-01-30,
KULM-sky,ISTA-sky,2021-01-31,
